name,ipaddr
chi-a10-12,10.230.65.12
chi-a10-13,10.230.65.13
chi-ar7050-108,10.231.255.108
chi-ar7050-109,10.231.255.109
chi-ar7050-110,10.231.255.110
chi-ar7050-111,10.231.255.111
chi-ar7050-209,10.231.255.209
chi-ar7050-210,10.231.255.210
chi-ar7050-211,10.231.255.211
chi-ar7050-212,10.231.255.212
chi-ar7050-221,10.231.255.221
chi-ar7050-222,10.231.255.222
chi-ar7050-231,10.231.255.231
chi-ar7050-232,10.231.255.232
chi-ar7140-201,10.231.255.201
chi-ar7140-203,10.231.255.203
chi-ar7140-204,10.231.255.204
chi-ar7140-205,10.231.255.205
chi-ar7140-206,10.231.255.206
chi-ar7140-223,10.231.255.223
chi-ar7140-224,10.231.255.224
chi-ar7140-225,10.231.255.225
chi-ar7140-226,10.231.255.226
chi-ar7140-227,10.231.255.227
chi-ar7140-228,10.231.255.228
chi-ar7140-229,10.231.255.229
chi-ar7140-230,10.231.255.230
chi-ar7140-233,10.231.255.233
chi-ar7140-234,10.231.255.234
chi-ar7140-236,10.231.255.236
chi-ar7140-238,10.231.255.238
chi-ar7504-10,10.230.1.10
chi-ar7504-11,10.230.1.11
chi-asr1001-252,10.231.80.252
chi-asr1001-253,10.231.80.253
chi-edge-247,10.231.1.247
chi-edge-248,10.231.1.248
chi-gtm,10.231.6.229
chi-ne-20,10.231.255.20
chi-ne-21,10.231.255.21
chi-pan5050-164,10.230.65.164
chi-pan5050-165,10.230.65.165
chi-sp-204,10.230.65.204
chi-tap-241,10.231.255.241
chi-vpn-pri,10.231.1.116
chi-vpn-sec,10.231.1.117
dev-a10-12,10.198.65.12
dev-a10-13,10.198.65.13
dev-ar7050-72,10.241.255.72
dev-ar7050-73,10.241.255.73
dev-ar7140-13,10.199.1.13
dev-ar7140-14,10.199.1.14
dev-ar7140-cld-2,10.198.1.2
dev-edge-250,10.241.1.250
dev-pan4050-160,10.198.65.160
dev-pan4050-161,10.198.65.161
dis-a10-12,10.239.65.12
dis-a10-13,10.239.65.13
dis-ar7050-tap-240,10.232.255.240
dis-ar7140-103,10.232.255.103
dis-ar7140-104,10.232.255.104
dis-ar7140-105,10.232.255.105
dis-ar7140-106,10.232.255.106
dis-ar7140-107,10.232.255.107
dis-ar7140-108,10.232.255.108
dis-ar7140-247,10.232.81.252
dis-ar7140-248,10.232.81.253
dis-ar7280-2,10.239.1.2
dis-ar7280-3,10.239.1.3
dis-asr1001-pri,10.232.10.16
dis-asr1001-sec,10.232.10.17
dis-edge-247,10.232.255.247
dis-edge-248,10.232.255.248
dis-pan-162,10.239.65.162
dis-pan-163,10.239.65.163
dis-sp-209,10.239.65.209
Panorama,10.240.70.132
qtm-a10-11,10.240.65.11
qtm-a10-12,10.240.65.12
qtm-ar7050-32,10.241.255.32
qtm-ar7050-33,10.241.255.33
qtm-ar7050-35,10.241.255.35
qtm-ar7050-36,10.241.255.36
qtm-ar7050-42,10.241.255.42
qtm-ar7050-51,10.241.255.51
qtm-ar7050-60,10.241.255.60
qtm-ar7050-bkp1,10.240.245.1
qtm-ar7140-34,10.241.255.34
qtm-ar7140-37,10.241.255.37
qtm-ar7140-38,10.241.255.38
qtm-ar7140-39,10.241.255.39
qtm-ar7140-40,10.241.255.40
qtm-ar7140-41,10.241.255.41
qtm-ar7140-43,10.241.255.43
qtm-ar7140-44,10.241.255.44
qtm-ar7140-45,10.241.255.45
qtm-ar7140-46,10.241.255.46
qtm-ar7140-47,10.241.255.47
qtm-ar7140-48,10.241.255.48
qtm-ar7140-52,10.241.255.52
qtm-ar7140-57,10.241.255.57
qtm-ar7140-58,10.241.255.58
qtm-ar7140-59,10.241.255.59
qtm-ar7140-65,10.241.255.65
qtm-ar7140-bkp12,10.240.245.12
qtm-ar7140-ods-10,10.240.245.10
qtm-ar7140-ods-11,10.240.245.11
qtm-ar7504-30,10.240.1.30
qtm-ar7504-31,10.240.1.31
qtm-edge-247,10.241.1.247
qtm-edge-248,10.241.1.248
qtm-gtm,10.241.4.229
qtm-nor-asr1002-1,10.182.4.1
qtm-pan4050-166,10.240.65.166
qtm-pan4050-167,10.240.65.167
qtm-pan5050-158,10.240.65.158
qtm-pan5050-159,10.240.65.159
qtm-pan5060-162,10.240.65.162
qtm-pan5060-163,10.240.65.163
qtm-pan5060-164,10.240.65.164
qtm-pan5060-165,10.240.65.165
qtm-pan5060-168,10.240.65.168
qtm-pan5060-169,10.240.65.169
qtm-sp-205,10.240.65.205
qtm-sp-dr-209,10.240.65.209
qtm-tap-240,10.241.255.240
qtm-vpn-pri,10.240.10.16
qtm-vpn-sec,10.240.10.17
qtw-a10-5200-12,10.210.65.12
qtw-a10-5200-13,10.210.65.13
qtw-a10waf-12,10.211.65.12
qtw-a10waf-13,10.211.65.13
qtw-ar7050-11,10.211.255.11
qtw-ar7050-12,10.211.255.12
qtw-ar7050-13,10.211.255.13
qtw-ar7050-14,10.211.255.14
qtw-ar7050-15,10.211.255.15
qtw-ar7050-16,10.211.255.16
qtw-ar7050-17,10.211.255.17
qtw-ar7050-18,10.211.255.18
qtw-ar7050-2,10.211.255.21
qtw-ar7050-22,10.211.255.22
qtw-ar7050-23,10.211.255.23
qtw-ar7050-24,10.211.255.24
qtw-ar7050-28,10.211.255.28
qtw-ar7050-29,10.211.255.29
qtw-ar7050-35,10.211.255.35
qtw-ar7050-36,10.211.255.36
qtw-ar7280-pri,10.211.255.4
qtw-ar7280-sec,10.211.255.3
qtw-edge-247,10.211.1.247
qtw-edge-248,10.211.1.248
qtw-gtm,10.211.7.229
qtw-ne-20,10.211.255.6
qtw-ne-21,10.211.255.5
qtw-pan5050-164,10.210.65.164
qtw-pan5050-165,10.210.65.165
qtw-tap-252,10.211.255.252
qtx-ar7050-70,10.241.255.70
qtx-ar7050-71,10.241.255.71
qtx-ar7050-74,10.241.255.74
qtx-ar7050-75,10.241.255.75
qtx-ar7050-80,10.241.255.80
qtx-ar7050-81,10.241.255.81
qtx-ar7050-82,10.241.255.82
qtx-ar7050-83,10.241.255.83
qtx-ar7050-84,10.241.255.84
qtx-ar7050-85,10.241.255.85
qtx-ar7050-90,10.241.255.90
qtx-ar7050-91,10.241.255.91
qtx-ar7050-92,10.241.255.92
qtx-ar7050-93,10.241.255.93
qtx-ar7050-94,10.241.255.94
qtx-ar7050-95,10.241.255.95
qtx-ar7150-25,10.241.255.25
qtx-ar7150-26,10.241.255.26
tlx-ar7140-10,10.241.255.10
tlx-ar7140-11,10.241.255.11
tlx-asr1001-252,10.241.4.252
tlx-asr1001-253,10.241.4.253
