#TYPE Selected.VMware.Vim.VirtualMachine,
Name,IP
QTMATLAS02,10.240.70.161
PRTG1,10.240.70.133
QTMLINM1,
2012R2 SiteOps,
CentOS6-Basic-Template V1.0.0,
SERVERVIEW,10.240.70.135
DBMONITOR,
QTMORCA1,10.240.70.136
QTMVCMDR1,10.240.70.151
QTMDHCP1,"10.241.253.10,10.240.70.40"
3PARREPORT1,10.240.70.104
3PARSSMC1,10.240.70.105
QTMKaseya1,10.240.70.130
QTMSPACES1,
QTMATLAS01,10.240.70.200
QTMVCTR1,10.240.70.90
QTMPASS01,10.240.70.139
QTMMGMT2,10.240.70.123
QTMEPO1,10.240.70.121
3PARREPORT2,10.240.70.106
SOLARWINDSAPP,10.240.70.131
QTMMGMTDB1,10.240.70.120
PANORAMA,
UNICRON,10.240.70.140
SILVERPEAKGMS,
QUESTMGT01,10.240.70.160
QTMUPDATE01,10.240.70.128
QTMOME1,"10.240.70.11,169.254.50.13"
QTMMGMT1,10.240.70.122
QTMSANHQ1,10.240.70.137
QTMMGMT3,10.240.70.124
OPENMANAGE,10.240.70.100
MAILPSA110,"10.240.193.114,10.240.193.110,10.240.193.112,10.240.193.111,10.240.193.113,fe80::250:56ff:feb8:37d7"
QTMHDWEB1,
QTMHDWEB2,
QTMHDOOZIE1,10.240.99.110
MAILPSA120,"10.240.193.124,10.240.193.120,10.240.193.121,10.240.193.122,10.240.193.123,fe80::250:56ff:feb8:1a70"
HADOOP_CENTOS66,
MAILPSA150,"10.240.193.154,10.240.193.150,10.240.193.151,10.240.193.152,10.240.193.153,fe80::250:56ff:feb8:3fb6"
MAILPSA160,"10.240.193.164,10.240.193.160,10.240.193.161,10.240.193.162,10.240.193.163,fe80::250:56ff:feb8:5d9b"
MAILPSA170,"10.240.193.174,10.240.193.170,10.240.193.171,10.240.193.172,10.240.193.173,fe80::250:56ff:feb8:2f77"
QTX-TMC-132,"10.240.65.132,fe80::250:56ff:feb8:589f"
SMOKEPING,"10.240.65.140,"
MAILPSA180,"10.240.193.184,10.240.193.180,10.240.193.181,10.240.193.182,10.240.193.183,fe80::250:56ff:feb8:3df7"
QTXMAILSVC100,"10.240.188.100,10.240.188.110,10.240.188.111,10.240.188.112,10.240.188.113"
QTXMAILSVC101,"10.240.188.101,10.240.188.114,10.240.188.115,10.240.188.116"
MAILPSA190,"10.240.193.194,10.240.193.190,10.240.193.191,10.240.193.192,10.240.193.193,fe80::250:56ff:feb8:32f9"
QTXMAILSVC102,"10.240.188.102,10.240.188.117,10.240.188.118,10.240.188.119"
QTXMAILHIGH01,10.240.186.111
QTXMAILHIGH02,10.240.186.112
QTXMAILHIGH03,10.240.186.113
QTXMAILHIGH04,10.240.186.114
QTXMAILLOW200,10.240.187.230
QTXMAILLOW201,10.240.187.231
QTXMAILLOW202,10.240.187.232
QTXMAILLOW203,10.240.187.233
QTXMAILLOW204,10.240.187.234
QTXMAILLOW205,10.240.187.235
QTXMAILLOW206,10.240.187.236
QTXMAILLOW207,10.240.187.237
MAILSM101,"10.240.188.70,10.240.188.71,10.240.188.72,10.240.188.73,10.240.188.74"
MAILSM102,"10.240.188.90,10.240.188.91,10.240.188.92,10.240.188.93,10.240.188.94"
MAILSM100,"10.240.188.50,10.240.188.51,10.240.188.52,10.240.188.53"
WINDOWS2008R2-ATEDRONE-PROD,
QTXBATCH12,10.240.105.112
MAILHUBS1,"10.240.40.101,10.240.40.225,fe80::250:56ff:feb8:4bff"
MAILHUBS2,"10.240.40.102,10.240.40.112,fe80::250:56ff:feb8:8b"
MAILHUBS3,"10.240.40.103,fe80::250:56ff:feb8:5911"
QTXAPP02VSP02,"10.240.65.89,10.255.155.54"
MAILHUBS4,"10.240.40.104,fe80::250:56ff:feb8:6c66"
MAILRELAY100,"10.240.10.150,fe80::250:56ff:feb8:3cd"
MAILRELAY101,"10.240.191.103,10.240.191.101,fe80::250:56ff:feb8:5cc4"
SMTPRELAY100,"10.240.191.108,10.240.191.110,10.240.191.112,10.240.191.114,10.240.191.116,10.240.191.118,10.240.191.104,fe80::250:56ff:feb8:3aa3"
SMTPRELAY120,"10.240.191.129,10.240.191.120,10.240.191.121,10.240.191.122,10.240.191.123,fe80::250:56ff:feb8:3536"
SMTPRELAY130,"10.240.191.139,10.240.191.130,10.240.191.131,10.240.191.132,10.240.191.133,fe80::250:56ff:feb8:158d"
SMTPRELAY140,"10.240.191.149,10.240.191.140,10.240.191.141,10.240.191.142,10.240.191.143,fe80::250:56ff:feb8:140b"
SMTPRELAY150,"10.240.191.159,10.240.191.150,10.240.191.151,10.240.191.152,10.240.191.153,fe80::250:56ff:feb8:78b4"
RDBRELAY120,"10.240.191.128,10.240.191.124,10.240.191.125,10.240.191.126,10.240.191.127,fe80::250:56ff:feb8:4b36"
QTXSNPI01,"10.240.70.19,fe80::250:56ff:feb8:4c58"
RDBRELAY130,"10.240.191.138,10.240.191.134,10.240.191.135,10.240.191.136,10.240.191.137,fe80::250:56ff:feb8:64cb"
SERVER2008-WEB V2.0.1 PROD,
RDBRELAY140,"10.240.191.148,10.240.191.144,10.240.191.145,10.240.191.146,10.240.191.147,fe80::250:56ff:feb8:7637"
RDBRELAY150,"10.240.191.158,10.240.191.154,10.240.191.155,10.240.191.156,10.240.191.157,fe80::250:56ff:feb8:29ab"
SMTPRELAY101,"10.240.191.109,10.240.191.111,10.240.191.113,10.240.191.115,10.240.191.117,10.240.191.119,10.240.191.105,fe80::250:56ff:feb8:3e39"
QTXVCTR1,10.243.101.48
QTXLM01,10.240.65.73
QTXLM02,10.240.65.74
QTXLM03,10.240.65.75
QTXLM04,10.240.65.76
QTXLM05,10.240.65.77
QTXLM06,10.240.65.78
QTXLM07,10.240.65.79
QTXLM08,10.240.65.64
WIN2012R2--RC V1,
win2008web-prod,
MAILSM13,"10.240.189.110,10.240.189.111,10.240.189.112,10.240.189.114"
QTXPIJENKINS,10.240.70.88
MAILSM300,"10.240.192.50,10.240.192.51,10.240.192.52,10.240.192.53"
MAILSM1,"10.240.186.50,10.240.186.51,10.240.186.52,10.240.186.53"
MAILSM10,"10.240.189.50,10.240.189.51,10.240.189.52,10.240.189.53,10.240.189.54"
MAILSM11,"10.240.189.70,10.240.189.71,10.240.189.72,10.240.189.73,10.240.189.74"
MAILSM12,"10.240.189.90,10.240.189.91,10.240.189.92,10.240.189.93,10.240.189.94"
MAILSM2,10.240.186.70
MAILSM3,"10.240.186.90,10.240.186.91,10.240.186.92,10.240.186.93"
MAILSM4,10.240.186.110
MAILSM301,"10.240.192.70,10.240.192.71,10.240.192.72,10.240.192.73"
QTMMAP1,10.240.91.131
QTMMAP10,10.240.91.140
QTMMAP11,10.240.91.141
QTMMAP12,10.240.91.142
CBASYNC200,"10.240.110.200,169.254.81.13"
CBASYNC201,10.240.110.201
CBASYNC202,10.240.110.202
CBASYNC203,10.240.110.203
DPIBATCH3Q,10.240.105.152
CBSOASRCHBAT01,10.240.105.125
CBSOASRCHBAT02,10.240.105.126
CBSOASRCHBAT03,10.240.105.127
CBSOASRCHBAT04,10.240.105.128
CBASYNC204,10.240.110.204
CBASYNC205,10.240.110.205
CBASYNC206,10.240.110.206
CBASYNC207,10.240.110.207
CBSRCHBAT8,10.240.105.119
CBASYNC208,10.240.110.208
CBASYNC209,10.240.110.209
CBASYNC210,10.240.110.210
CBASYNC212,10.240.110.212
QTMMAP3,10.240.91.133
QTMMAP4,10.240.91.134
QTMMAP5,10.240.91.135
CBASYNC213,10.240.110.213
CBASYNC214,10.240.110.214
CBSVC5,10.240.100.113
CBASYNC223,10.240.110.223
CBASYNC224,10.240.110.224
CBASYNC225,10.240.110.225
CBASYNC226,10.240.110.226
CBSVC1,10.240.100.109
CBSVC2,10.240.100.110
CBASYNC215,10.240.110.215
CBASYNC216,10.240.110.216
CBASYNC227,10.240.110.227
CBASYNC228,10.240.110.228
CBASYNC229,10.240.110.229
CBSVC3,10.240.100.111
CBASYNC217,10.240.110.217
CBASYNC219,10.240.110.219
CBASYNC220,10.240.110.220
CBSVC4,10.240.100.112
CBSVC6,10.240.100.114
CBSVC7,10.240.100.115
CBASYNC221,10.240.110.221
QTMMAP9,10.240.91.139
DPIBATCH1Q,10.240.105.150
QTMMAP6,10.240.91.136
QTMMAP7,10.240.91.137
QTMMAP8,10.240.91.138
DPIBATCH2Q,10.240.105.151
CBSOASRCHBAT05,10.240.105.129
CBSOASRCHBAT06,10.240.105.130
CBSOASRCHBAT07,10.240.105.131
CBSOASRCHBAT08,10.240.105.132
CBSVC8,10.240.100.116
CBSVC9,10.240.100.117
CBJEPROC108,10.240.84.108
CBJEPROC109,10.240.84.109
CBJEPROC110,10.240.84.110
CBAUTH1,10.240.101.104
CBAUTH2,10.240.101.105
CBJEPROC111,10.240.84.111
CBJEPROC112,10.240.84.112
CBJEPROC113,10.240.84.113
CBJEPROC114,10.240.84.114
CBJEPROC115,10.240.84.115
CBAUTH3,10.240.101.106
CBAUTH4,10.240.101.107
DPIFEED1Q,10.240.91.152
DPIMAIL01Q,"10.240.212.172,10.240.212.182,10.240.212.192"
DPIMAIL02Q,"10.240.212.173,10.240.212.183,10.240.212.193"
DPIFEED2Q,10.240.91.153
CBSOASRCHBAT09,10.240.105.133
CBSOASRCHBAT10,10.240.105.134
CBSOASRCHBAT11,10.240.105.137
CBJEPROC100,10.240.84.100
CBJEPROC101,10.240.84.101
CBJEPROC102,10.240.84.102
CBSOASRCHBAT12,10.240.105.138
CBJEPROC103,10.240.84.103
CBSOASRCHBAT13,10.240.105.139
CBJEPROC104,10.240.84.104
CBSOASRCHBAT14,10.240.105.140
CBSOASRCHBAT15,10.240.105.141
CBSOASRCHBAT16,10.240.105.142
CBJEPROC105,10.240.84.140
CBJEPROC106,10.240.84.106
CBJEPROC107,10.240.84.107
CBSOASRCHBAT17,10.240.105.143
CBSOASRCHBAT18,10.240.105.144
CBSOASRCHBAT19,10.240.105.145
CBSOASRCHBAT20,10.240.105.146
CBSRCHBAT01,10.240.105.120
CBSRCHBAT02,10.240.105.121
CBSRCHBAT03,10.240.105.122
CBSRCHBAT04,10.240.105.123
CBSRCHBAT5,10.240.105.116
CBSRCHBAT6,10.240.105.117
CBSRCHBAT7,10.240.105.118
CBLS,10.240.20.75
QTXBLOG01,10.240.110.123
QTXBATCH1,10.240.105.46
QTXBATCH2,10.240.105.48
QTXBATCH3,10.240.105.47
QTXBATCH4,10.240.105.49
QTXBATCH5,10.240.105.50
QTXBATCH6,10.240.105.51
QTXBATCH7,10.240.105.52
QTXBATCH8,10.240.105.53
QTXBATCH9,10.240.105.54
QTXBATCH10,10.240.105.55
QTXBATCH11,10.240.105.56
QTXBATCH13,10.240.105.57
QTXBATCH14,10.240.105.58
QTXBATCH15,10.240.105.59
QTXBATCH16,10.240.105.60
QTXBATCH17,10.240.105.61
QTXBATCH18,10.240.105.62
QTXBATCH19,10.240.105.63
QTXBATCH20,10.240.105.64
QTXBATCH21,10.240.105.65
QTXBATCH22,10.240.105.66
QTXBATCH23,10.240.105.67
QTXBATCH24,10.240.105.68
QTXBATCH25,10.240.105.69
QTXBATCH26,10.240.105.70
QTXBATCH27,10.240.105.71
QTXBATCH28,10.240.105.72
QTXBATCH29,10.240.105.73
QTXBATCH30,10.240.105.74
QTXSTATBATCH1,10.240.105.75
QTXSTATBATCH2,10.240.105.76
QTXBATCH31,10.240.105.77
QTXBATCH32,10.240.105.78
QTXBATCH33,10.240.105.79
QTXBATCH34,10.240.105.80
CBBLAST100,10.240.10.110
CentOS6-Basic-Template V1.0.0,
Server2008-WEB-PROD v2.0.2 PROD,
WIN2012R2--PROD V2,
QTX-TMC-133,"10.240.65.133,fe80::250:56ff:feb8:61cd"
QTX-TMC-134,"10.240.65.134,fe80::250:56ff:feb8:374b"
QTX-TMC-135,
QTX-TMC-136,"10.240.65.136,fe80::250:56ff:feb8:5060"
QTXStatBatch4,10.240.105.81
QTXStatBatch3,10.240.105.82
Server2008-WEB-PROD v2.0.3 PROD,
WIN2012R2--PROD V2.0.1,
qtxpilife,
mwcn041904,10.240.110.122
qtxsmokeping,
CBASYNC230,10.240.110.107
CBASYNC239,10.240.110.108
CBASYNC238,10.240.110.109
CBASYNC237,10.240.110.110
QTXAD1,10.240.70.9
QTXAD2,10.240.70.10
QTMMAP2,10.240.91.132
CBASYNC236,10.240.110.114
CBASYNC235,10.240.110.111
QTMPXE1,"10.243.101.50,fe80::250:56ff:feaf:4861,fe80::250:56ff:feaf:18f1,10.240.121.251,fe80::250:56ff:feaf:18f1"
CBASYNC234,10.240.110.112
CBASYNC233,10.240.110.113
CBASYNC232,10.240.110.115
CBASYNC231,10.240.110.116
CBJEPROC116,10.240.84.120
CBJEPROC120,10.240.84.121
CBJEPROC119,10.240.84.122
CBJEPROC118,10.240.84.123
CBJEPROC117,10.240.84.124
CBJEPROC131,10.240.84.125
CBJEPROC130,10.240.84.133
CBJEPROC129,10.240.84.126
CBJEPROC128,10.240.84.128
CBJEPROC127,10.240.84.127
CBJEPROC126,10.240.84.129
CBJEPROC125,10.240.84.132
CBJEPROC123,10.240.84.130
CBJEPROC122,10.240.84.131
CBJEPROC124,10.240.84.134
CBJEPROC121,10.240.84.135
QTXSTATS,10.240.65.72
CBASYNC222,10.240.110.117
BOBATCH102,10.240.105.165
DPISVC5Q,10.240.213.104
DPISVC6Q,10.240.213.105
QTXBOASYNC01,10.240.183.100
QTXBOASYNC02,10.240.183.101
QTXBOMX01,10.240.160.201
QTXBOMX02,10.240.160.202
QTXMAILBOSM01,10.240.182.102
QTXMAILBOSM02,10.240.182.103
QTXBO01,10.240.45.97
QTXBO02,10.240.45.98
QTXBO03,10.240.45.99
QTXBOWS01,10.240.181.92
QTXBOWS02,10.240.181.93
QTXBOBATCH01,10.240.105.155
QTXBOBATCH02,10.240.105.156
QTXBOBLAST01,10.240.10.99
QTXMXWS100,10.240.160.104
QTXMXWS101,10.240.160.105
QTXMXWS102,10.240.160.106
QTXRABBIT1,"10.240.205.140,fe80::250:56ff:feb8:19da"
QTXAPP02VSP01,"10.240.65.41,10.255.155.54"
QTX-LMC-130,
QTX-TMC-131,"10.240.65.131,fe80::250:56ff:feb8:4f11"
CBASYNC218,10.240.110.120
CBASYNC211,10.240.110.121
CBSVC14,10.240.100.45
CBSVC13,10.240.100.40
CBSVC12,10.240.100.42
CBSVC11,10.240.100.41
CBSVC10,10.240.100.43
SEARCHHQ,"169.254.238.203,10.240.65.221"
CBSTATS,10.240.65.65
CENTOS66_V1B-PROD,
QTXPIGITAUDITDB1,10.240.110.92
DPISVC01Q,10.240.213.106
DPISVC02Q,10.240.213.107
DPISVC03Q,10.240.213.108
DPISVC04Q,10.240.213.109
MAILPSA100,"10.240.193.104,10.240.193.100,10.240.193.101,10.240.193.102,10.240.193.103,fe80::250:56ff:feb8:89d"
QTWSOLRJOBAUX02,10.210.214.81
QTWSOLRJOBAUX03,10.210.214.82
QTWSOLRJOBAUX08,10.210.214.87
QTWSOLRJOBAUX09,10.210.214.88
QTWSOLRJOBAUX10,10.210.214.89
QTWSOLRJOBAUX15,10.210.214.94
QTWSOLRJOBAUX16,10.210.214.95
QTWSOLRJOBAUX17,10.210.214.96
QTWPIAUDITFE1,10.210.205.92
QTWSOLRJOB01,10.210.214.157
QTWSOLRJOB02,10.210.214.158
QTWSPACES1,10.210.15.141
QTWSOLRJOB03,10.210.214.159
QTWSOLRJOB04,10.210.214.160
Server2008-WEB-PROD v2.0.0 PROD,
Ubuntu-14.04.02-LTS-RC,
QTWGITCOM01,"10.210.205.68,fe80::250:56ff:feaf:5a0e"
REBELDOC07,10.210.215.126
QTWSOLRJOB05,10.210.214.161
CentOS66_v1b-prod,
QTWSOLRJOB06,10.210.214.162
QTWSOLRJOB07,10.210.214.163
QTWSOLRJOB08,10.210.214.164
QTWSOLRJOB09,10.210.214.165
QTWSOLRJOB10,10.210.214.166
QTWSOLRJOB11,10.210.214.167
QTWSOLRJOB12,10.210.214.168
QTWSOLRJOB13,10.210.214.169
QTWSOLRJOB14,10.210.214.170
QTWSOLRJOB15,10.210.214.171
QTWAPP02VSP02,"10.210.65.89,10.255.155.54"
QTWFLUME2,
QTWFLUME1,
QTWFLUME3,
QTWSOLRJOB31,10.210.214.187
QTWSOLRJOB32,10.210.214.188
QTWSOLRJOB33,10.210.214.189
QTWSOLRJOB34,10.210.214.190
QTWSOLRJOB35,10.210.214.191
Solrjob_template,
REBELSOLRCMPM3,10.210.86.143
REBELSOLRCMPM2,10.210.86.142
REBELSOLRCMP3,10.210.86.153
REBELSOLRCMP4,10.210.86.154
QTWSOLRJOB36,10.210.214.192
REBELSOLRCMP5,10.210.86.155
REBELSOLRCMP6,10.210.86.156
QTWSOLRJOB37,10.210.214.193
QTWSOLRJOB38,10.210.214.194
QTWSOLRJOB39,10.210.214.195
QTWSOLRJOB40,10.210.214.196
QTWSOLRJOB41,10.210.214.197
QTWSOLRJOB42,10.210.214.198
QTWSOLRJOB43,10.210.214.199
QTWSOLRJOB44,10.210.214.200
QTWSOLRJOB45,10.210.214.201
Solrjob_Master_template,
QTWSOLRJOB61,10.210.214.217
QTWSOLRJOB62,10.210.214.218
QTWSOLRJOB63,10.210.214.219
QTWSOLRJOB64,10.210.214.220
QTWSOLRJOB65,10.210.214.221
QTWSOLRJOB66,10.210.214.222
QTWSOLRJOB67,10.210.214.223
QTWSOLRJOB68,10.210.214.224
QTWSOLRJOB69,10.210.214.225
QTWSOLRJOB70,10.210.214.226
Server2008-WEB-PROD v2.0.1,
NewFormQTW,
REBELJDIO09,10.210.64.74
REBELJDIO08,10.210.64.75
REBELJDIO07,10.210.64.76
QTWSOLRJOB71,10.210.214.227
REBELJDIO06,10.210.64.77
REBELJDIO05,10.210.64.78
REBELJDIO04,10.210.64.79
REBELJDIO03,10.210.64.80
REBELJDIO02,10.210.64.81
REBELJDIO01,10.210.64.82
REBELRDIO04,10.210.64.83
REBELRDIO03,10.210.64.84
REBELRDIO02,10.210.64.85
REBELRDIO01,10.210.64.86
QTWSOLRJOB72,10.210.214.228
WIN2012R2-PROD,
QTWSOLRJOB73,10.210.214.229
QTWSOLRJOB74,10.210.214.230
QTWSOLRJOB75,10.210.214.231
REBELDPIBATCH1,10.210.105.201
REBELDPIBATCH2,10.210.105.202
REBELDPISVC1,10.210.213.101
REBELDPIWEB1,10.210.212.101
REBELDPISVC2,10.210.213.102
REBELDPIWEB2,10.210.212.102
QTWSOLRJOBM01,10.210.214.152
QTWSOLRJOBM02,10.210.214.153
REBELASYNC01,10.210.110.201
REBELASYNC02,10.210.110.202
REBELDOC01,10.210.215.201
REBELDOC02,10.210.215.202
REBELASYNC03,10.210.110.203
REBELASYNC05,10.210.110.205
REBELASYNC04,10.210.110.204
QTWSOLRJOBM03,10.210.214.154
REBELDOC04,10.210.215.204
REBELDOC03,10.210.215.203
REBELJDIO10,10.210.64.210
REBELASYNC06,"169.254.232.32,169.254.121.244,169.254.132.34,169.254.145.54,169.254.67.131,10.210.110.206"
REBELASYNC8,10.210.110.108
REBELASYNC7,10.210.110.107
REBELDOC05,10.210.215.205
REBELDOC06,10.210.215.206
REBELJDIO12,10.210.64.212
REBELDOC7,10.210.215.106
REBELJDIO13,10.210.64.213
REBELDOC8,10.210.215.107
REBELJDIO14,10.210.64.214
REBELJDIO16,10.210.64.216
REBELJDIO15,10.210.64.215
REBELJDIO18,10.210.64.218
REBELJDIO17,10.210.64.217
REBELIMG01,"10.210.205.64,10.210.205.65"
REBELJDIO19,10.210.64.219
REBELWS01,10.210.205.51
REBELIMG02,"10.210.205.66,10.210.205.67"
REBELSC01,10.210.60.201
REBELSC02,10.210.60.202
REBELSC03,10.210.60.203
REBELSC04,10.210.60.204
REBELBAT1,10.210.105.101
REBELBAT2,10.210.105.104
REBELBAT3,10.210.105.105
REBELBAT4,10.210.105.106
REBELWS02,10.210.205.52
REBELBLAST1,10.210.10.102
REBELSC05,10.210.60.205
REBELSC06,10.210.60.206
REBELSC10,10.210.60.110
REBELSC11,10.210.60.111
REBELSC07,10.210.60.207
REBELSC08,10.210.60.208
REBELSC09,10.210.60.209
REBELSTAPI7,10.210.205.167
REBELSTAPI6,10.210.205.166
REBELSTAPI1,10.210.205.161
REBELSTAPI2,10.210.205.162
REBELSTAPI4,10.210.205.164
REBELSTAPI5,10.210.205.165
REBELSTAPI8,10.210.205.168
REBELSTAPI9,10.210.205.169
REBELSTAPI10,10.210.205.170
REBELSTAPI3,10.210.205.163
REBELJDIO11,10.210.64.211
QTWJAPI2,"10.210.121.102,,172.17.42.1,"
QTWJAPI1,"10.210.121.101,172.17.42.1,"
QTWVCTR1,10.213.101.48
QTWPXE1,"10.210.15.80,fe80::250:56ff:fea2:720b,fe80::250:56ff:fea2:686a,10.210.15.251,fe80::250:56ff:fea2:686a,10.210.214.251,fe80::250:56ff:fea2:686a"
2012r2 SiteOps,
QTWLM01,10.210.65.70
QTWLM02,10.210.65.71
QTWLM03,10.210.65.72
QTWLM04,10.210.65.73
QTWLM05,10.210.65.75
QTWLM06,10.210.65.76
QTWLM07,10.210.65.77
QTWLM08,10.210.65.79
REBELSOLRTNM2,10.210.77.170
REBELSOLRTN7,10.210.77.171
REBELSOLRMSIM2,10.210.106.137
REBELSOLRMSI6,10.210.106.145
REBELSOLRTN8,10.210.77.172
REBELSOLRTN9,10.210.77.173
REBELSOLRTN10,10.210.77.174
REBELSOLRTN11,10.210.77.175
REBELSOLRTN12,10.210.77.176
REBELSOLRMSI7,10.210.106.146
REBELSOLRMSI8,10.210.106.147
REBELSOLRMSI9,10.210.106.148
REBELSOLRMSI10,10.210.106.149
WIN2012R2--RC V1,
REBELSRCHBAT01,10.210.105.121
REBELSRCHBAT02,10.210.105.122
REBELSRCHBAT03,10.210.105.123
REBELSRCHBAT04,10.210.105.124
REBELSRCHBAT05,10.210.105.125
REBELSRCHBAT06,10.210.105.126
REBELSRCHBAT07,10.210.105.127
REBELSRCHBAT08,10.210.105.128
REBELSRCHBAT09,10.210.105.129
REBELSRCHBAT10,10.210.105.130
win2008web-prod,
REBELSTAPI13,10.210.205.171
REBELSTAPI14,10.210.205.172
Server2008-WEB-PROD v2.0.1 PROD,
REBELSTAPI11,10.210.205.100
REBELSTAPI12,10.210.205.101
REBELDPIBATCH3,10.210.105.203
REBELSTAPI20,10.210.205.103
REBELSTAPI21,10.210.205.104
REBELBOEXWS1,10.210.45.102
CentOS6-Basic-Template V1.0.0,
Server2008-WEB-PROD v2.0.2 PROD,
WIN2012R2--PROD V2,
QTW-TMC-132,"10.210.65.132,fe80::250:56ff:feaf:3ba7"
QTW-TMC-133,
QTW-TMC-134,"10.210.65.134,fe80::250:56ff:feaf:3cea"
QTW-TMC-135,"10.210.65.135,fe80::250:56ff:feaf:465a"
Server2008-WEB-PROD v2.0.3 PROD,
WIN2012R2--PROD V2.0.1,
qtwpilife,
qtwpilifefe1,10.210.205.50
QTW-A10-GSLB,
qtwpilifeapi1,10.210.205.53
QTWAD1,10.210.10.9
QTWAD2,10.210.10.10
REBELBOEXWS2,10.210.45.103
EAGLEPMTA100,"10.210.193.100,10.210.193.101,10.210.193.102,10.210.193.103"
EAGLEPMTA110,"10.210.193.110,10.210.193.111,10.210.193.112,10.210.193.113"
EAGLEPMTA120,"10.210.193.120,10.210.193.121,10.210.193.122,10.210.193.123"
EAGLEPMTA130,"10.210.193.130,10.210.193.131,10.210.193.132,10.210.193.133"
EAGLEPMTA200,"10.210.193.200,10.210.193.201,10.210.193.202,10.210.193.203"
EAGLEPMTA210,"10.210.193.210,10.210.193.211,10.210.193.212,10.210.193.213"
EAGLEPMTA220,"10.210.193.220,10.210.193.221,10.210.193.222,10.210.193.223"
EAGLEPMTA230,"10.210.193.230,10.210.193.231,10.210.193.232,10.210.193.233"
VAULTQTWFE1,10.210.205.230
REBELJDIO38,10.210.64.56
REBELJDIO26,10.210.64.51
REBELJDIO27,10.210.64.52
REBELJDIO37,10.210.64.53
REBELJDIO28,10.210.64.54
REBELJDIO20,10.210.64.55
REBELJDIO36,10.210.64.57
REBELJDIO35,10.210.64.58
REBELJDIO23,10.210.64.59
REBELJDIO22,10.210.64.60
REBELJDIO21,10.210.64.62
REBELJDIO34,10.210.64.61
REBELJDIO33,10.210.64.63
REBELJDIO32,10.210.64.69
REBELJDIO31,10.210.64.66
REBELJDIO30,10.210.64.68
REBELJDIO29,10.210.64.64
REBELJDIO25,10.210.64.67
REBELJDIO24,10.210.64.65
REBELDOC12,10.210.215.100
REBELDOC11,10.210.215.101
REBELDOC10,10.210.215.102
REBELDOC09,10.210.215.103
REBELRDIO8,10.210.64.70
REBELRDIO7,10.210.64.71
REBELRDIO6,10.210.64.72
REBELRDIO5,10.210.64.73
REBELWEB01,10.210.205.201
REBELWEB02,10.210.205.202
REBELWEB03,10.210.205.203
REBELWEB04,10.210.205.204
REBELWEB05,10.210.205.205
REBELWEB06,10.210.205.206
REBELWEB07,10.210.205.207
REBELWEB08,10.210.205.208
REBELWEB09,10.210.205.209
REBELWEB10,10.210.205.210
REBELWEB11,10.210.205.211
REBELWEB12,10.210.205.212
REBELWEB13,10.210.205.213
REBELWEB14,10.210.205.214
REBELWEB15,10.210.205.215
REBELWEB16,10.210.205.216
REBELWEB17,10.210.205.217
REBELWEB19,10.210.205.219
REBELWEB20,10.210.205.220
REBELWEB21,10.210.205.221
REBELWEB22,10.210.205.222
REBELWEB23,10.210.205.223
REBELWEB24,10.210.205.224
REBELWEB25,10.210.205.225
REBELWEB26,10.210.205.226
REBELWEB27,10.210.205.227
REBELWEB28,10.210.205.228
REBELWEB29,10.210.205.229
REBELWEB30,10.210.205.231
REBELWEB31,10.210.205.232
REBELWEB32,10.210.205.233
REBELWEB33,10.210.205.234
REBELWEB34,10.210.205.235
REBELWEB35,10.210.205.236
REBELWEB36,10.210.205.237
REBELWEB37,10.210.205.238
REBELWEB38,
REBELWEB39,10.210.205.240
REBELWEB40,10.210.205.241
REBELWEB18,10.210.205.218
QTWNXS01,10.210.45.98
QTWNXS02,10.210.45.99
GITGAUGEFE1,"10.210.205.90,fe80::250:56ff:feaf:7a75"
GITGAUGEFE2,"10.210.205.91,fe80::250:56ff:feaf:6c2b"
GITGAUGEDB1,"10.210.205.75,fe80::250:56ff:feaf:1043"
QTW-LMC-130,
REBELSTATS,10.210.65.65
QTW-THREAT-131,"10.210.65.131,fe80::250:56ff:feaf:7139"
QTWAPP02VSP01,"10.210.65.81,10.255.155.54"
REBELWEB42,10.210.205.182
REBELWEB41,10.210.205.181
REBELWEB44,10.210.205.184
REBELWEB43,10.210.205.183
REBELWEB46,10.210.205.186
REBELWEB48,10.210.205.188
REBELWEB45,10.210.205.185
REBELWEB50,10.210.205.190
REBELWEB52,10.210.205.192
REBELWEB47,10.210.205.187
REBELWEB54,10.210.205.194
REBELWEB56,10.210.205.196
REBELWEB49,10.210.205.189
REBELWEB58,10.210.205.198
REBELWEB60,10.210.205.200
REBELWEB51,10.210.205.191
REBELWEB53,10.210.205.193
REBELWEB55,10.210.205.195
REBELWEB57,10.210.205.197
REBELWEB59,10.210.205.199
REBELSOLREDGE05,10.210.106.176
REBELSOLREDGE06,10.210.106.177
REBELSOLREDGE07,10.210.106.178
REBELSOLREDGE08,10.210.106.179
REBELSOLREDGE09,10.210.106.180
REBELSOLREDGEM2,10.210.106.182
REBELSOLREDGE10,10.210.106.181
QTWSOLRJOBAUX01,10.210.214.80
DEVCASS1,10.198.70.71
GHQCHEF01,"10.198.52.98,fe80::250:56ff:feb6:7e53"
GHQSOLRMIRROR,"10.198.52.94,fe80::250:56ff:feb6:50bc"
GHQSTPROXY01,"10.198.52.105,fe80::250:56ff:feb6:4301"
GHQSTBOOTSTRAP,"10.198.52.126,fe80::250:56ff:feb6:6321"
GHQCHISOLRRES2,"10.198.52.132,fe80::250:56ff:feb6:1a05"
DEVCB1CI,10.199.60.161
GHQQTWSOLRRES2,"10.198.52.133,fe80::250:56ff:feb6:56b0"
DEVCASS3,10.198.70.73
GHQCHIPSBHIVE02,10.198.52.230
GHQPSSTRESSTEST,"10.198.52.209,fe80::250:56ff:feb6:e8a"
GHQPSBHIVE1,"10.198.52.104,fe80::250:56ff:feb6:753d"
GHQPSGRAPHITE1,"10.198.52.6,fe80::250:56ff:feb6:c2a"
GHQIACPSLG2,"10.198.52.181,fe80::250:56ff:feb6:397c"
GHQCHIPSBHIVE01,10.198.52.229
GHQQTWPSBHIVE01,10.198.52.227
GHQQTWPSBHIVE02,10.198.52.228
GHQSTBABEL,"10.198.52.167,fe80::250:56ff:feb6:299f"
GHQSTINTEGRATION,"10.198.52.14,fe80::250:56ff:feb6:7260"
GHQCHISOLRAPI2,10.199.60.162
GHQPSJEEVES,"10.198.52.226,fe80::250:56ff:feb6:3dc2"
DEVDBTFS,10.198.110.139
GHQPICHEFGHRP1,"10.198.55.120,fe80::250:56ff:feb6:76fc"
GHQPICHEFGHRP2,"10.198.55.121,fe80::250:56ff:feb6:a00"
GHQPICHEFGHRP3,"10.198.55.122,fe80::250:56ff:feb6:633b"
GHQPICHEFGHRP4,"10.198.55.123,fe80::250:56ff:feb6:4b83"
GHQPICHEFGHRP5,"10.198.55.124,fe80::250:56ff:feb6:a06"
GHQPSAPITEST1,"10.198.52.169,fe80::250:56ff:feb6:5ea0"
GHQVMAIL01,10.198.55.108
GHQVREBIMG01,"10.198.55.110,10.198.55.107"
GHQVCHIIMG01,"10.198.55.111,10.198.55.109"
GHQCDPOSTGRES01,"10.198.52.152,fe80::250:56ff:feb6:4f2a"
GHQCDCHEF01,"10.198.52.125,fe80::250:56ff:feb6:3637"
GHQCDBUILD01,"10.198.52.123,fe80::250:56ff:feb6:3d7f"
GHQDCCHEFSTATION,"10.198.52.165,fe80::250:56ff:feb6:5ae3"
GHQPICHEFGHP1,"10.198.55.125,fe80::250:56ff:feb6:5d30"
GHQPICHEFGHP2,"10.198.55.126,fe80::250:56ff:feb6:7b28"
GHQPICHEFGHP3,"10.198.55.127,fe80::250:56ff:feb6:2d4"
GHQDCCHEF02,"10.198.52.97,fe80::250:56ff:feb6:19a6"
GHQDCCBPARSE01,"10.198.52.208,fe80::250:56ff:feb6:6fd2"
DEVHDCHEF1,
GHQQTWSOLRFST1,"10.198.55.130,fe80::250:56ff:feb6:3267"
GHQCHISOLRFST1,"10.198.55.131,fe80::250:56ff:feb6:309a"
GHQVASYNC04,10.198.55.27
GHQVASYNC03,10.198.55.28
GHQVBATCHF01,10.198.55.39
GHQVBATCHE01,10.198.55.40
GHQPRODBLAST2,10.198.52.9
CentOS66_v1b-prod,
GHQFOUND03,10.198.52.113
ATEDRONE01,10.198.52.93
ATEDRONE03,10.198.52.120
ATEDRONE04,10.198.52.119
GHQFOUND05,10.198.52.177
GHQPICHEFFE02,"10.198.52.154,fe80::250:56ff:feb6:4963"
CentOS66_v1b_vc-prod,
ATEDRONE07,10.198.55.8
GHQJBLINUXTEST,
GHQPIAUDITFE2,
TEST4NEWFORMWIN,
TEST4NEWFORMLIN,
GHQPIARTIFACT04,"10.198.52.188,fe80::250:56ff:feb6:f5a"
GHQPIARTIFACT03,"10.198.52.141,fe80::250:56ff:feb6:2821"
GHQPICHEFFLAY,
GHQPICHEFBE01,
GHQPICHEFDB2,"10.198.52.39,fe80::250:56ff:feb6:3ad8"
GHQPICHEFCRP5,
GHQPICHEFCRP4,
GHQPICHEFCP3,
GHQPICHEFCRP2,
GHQPICHEFCRP1,
GHQPICHEFFE01,"10.198.52.153,fe80::250:56ff:feb6:5370"
DEVCB1SQL1,10.199.60.150
Ubuntu-14.04.02-LTS-RC,
GHQQTWSOLRAPI2,10.199.60.163
UBUNTURC7,
ATEDRONE08,10.198.55.1
TESTPXE2,"10.198.110.98,"
TESTJAPI1,10.198.55.135
TESTJAPI2,10.198.55.136
UBUNTU-VMTEST,
Debian-7-APMTEST,
DEVAPM01,"10.198.55.190,fe80::250:56ff:feb6:580c"
DEVAPM02,"10.198.55.191,fe80::250:56ff:feb6:802"
DEVHD1D2,10.199.60.184
DEVHD2D2,10.199.60.186
DEVHD2M1,10.199.60.182
DEVHD2D1,10.199.60.185
DEVOPSCENTER1,10.199.60.101
GHQWEB2008TEST1,10.198.55.10
CENTOSTEST01,10.198.55.14
GHQBUILD04,10.198.54.130
GHQFOUND01,10.198.30.148
DEVHDJK1,10.199.60.179
GHQBUILD2,10.198.30.146
GHQBUILD3,10.198.30.143
ORKINWEB2,10.199.231.102
ORKINWEB1,10.199.231.101
ATEDRONE00,10.198.55.20
TESTSPACEM1,"10.198.30.97,"
ghqdpisvc01,10.198.55.15
ghqdpiwww01,10.198.55.129
ghqdpimysvc01,10.198.55.133
ghqdpimybatch01,10.198.55.134
ghqdpimap01,10.198.55.137
ghqdpimail01,10.198.55.138
ghqdpifeed01,10.198.55.139
ghqdpibatch01,10.198.55.140
GHQPICHEFCRP6,
GHQPICHEFCP4,10.198.52.204
GHQPICHEFCRP7,10.198.52.80
GHQPICHEFCP2,10.198.52.201
DEVAD1,10.198.10.9
GHQDPIDevBlast,10.198.55.153
Server2008-WEB-PROD v2.0.1 PROD,
GHQPIBlog,10.198.55.141
ManEng-Patch,
DEVSAN01VSP01,"10.198.65.45,10.255.155.54"
GHQVCHIWWW05,10.198.55.143
GHQVREBWWW05,10.198.55.144
GHQVCHIWWW02,10.198.55.145
GHQVREBWWW02,10.198.55.146
GHQVREBWS03,10.198.55.147
GHQVCHIWS03,10.198.55.29
GHQVREBDIO03,10.198.55.24
GHQVCHIASYNC03,10.198.55.30
GHQVREBASYNC03,10.198.55.31
GHQVREBSTAPI03,10.198.55.32
DEVBACKEND,10.198.110.50
GHQVCHISTAPI03,10.198.55.33
GHQSTWINJENK1,10.198.52.5
GHQVAUTH03,10.198.55.34
GHQVCHISC03,10.198.55.35
GHQVCHIDOC03,10.198.55.36
GHQVCHIDIO03,10.198.55.37
GHQVCHIWWW06,10.198.55.18
DEVCASS2,10.198.70.72
DEVOBI,10.198.110.145
DEVPXE1,
DB_Build: Server2012 R2 - PROD:6-26-15,
DEVMACE,10.198.110.82
DEVHD1M1,10.199.60.181
DEVCTRLDB1,10.198.110.84
DEVCTRLDB2,10.198.110.85
DEVMSGDB1,10.198.110.86
DEVMSGDB2,10.198.110.87
DEVHD1D1,10.199.60.183
DEVSCDB1,10.198.110.88
DEVSCDB2,10.198.110.89
DEVMONITORDB1,10.198.110.90
DEVJEDI,10.198.110.83
GHQCHISOLRJOB2,10.198.52.88
GHQQTWSOLRJOB2,10.198.52.89
TECHBLOG,10.198.55.230
WIN2012R2-RCv2,
TESTCASS1,
GHQPIAUDITFE01,10.198.55.154
GHQBLAST02,10.198.55.5
GHQBUILD06,10.198.55.6
DEVLM01,10.198.52.114
DEVLM02,10.198.52.117
2012r2 SiteOps,
DEVVCMDR1,10.198.105.12
DEVVCMDRSQL,10.198.105.13
CBDEVKMS,10.198.105.14
DEVVCTRTEST,
DEVVMSVCCONTROLLERTEST,
DEVLM03,10.198.52.121
DEVLM04,10.198.52.122
DEVVCTR1,10.198.70.50
CentOS6-Basic-Template V1.0.0-old,
GHQSNC,10.198.30.130
GHQVREBWWW07,10.198.55.3
GHQVREBWWW08,10.198.55.7
GHQBLAST01B,10.198.40.137
GHQPIREPORT04,10.199.65.103
GHQBUILD09,10.198.55.16
PIREPORT1,10.199.65.100
GHQBUILD08,10.198.55.17
jsvcmdr01,"10.198.55.50,fe80::250:56ff:fe00:1121"
GHQTEST2,10.198.30.102
GHQPIOpenChef01,"10.198.55.105,fe80::250:56ff:fe31:15e0"
GHQPIOpenChef02,"10.198.55.113,fe80::250:56ff:fe23:70d8"
GHQPIOChefBE01,"10.198.55.114,fe80::250:56ff:fe03:77e2"
GHQRELAY1,"10.198.30.142,fe80::250:56ff:feac:8"
MWUBUNTUTEST,
RussellChefBox,10.198.55.19
GHQREBELWEB01,10.198.55.117
Server2008-WEB-PROD v2.0.2 PROD,
WIN2012R2--PROD V2,
GHQREBELWEB02,10.198.55.112
GHQDPIProdBlast,10.198.55.118
MWTMP126-1,
ghqpiauditfe02,"10.198.55.149,fe80::250:56ff:fe00:4682"
CBDepUpdate02,10.198.55.150
GHQVBATCHG01,10.198.55.151
ghqdpimail02,10.198.55.161
ghqdpimap02,10.198.55.162
ghqdpimybatch02,10.198.55.163
ghqdpimysvc02,10.198.55.164
DEVSTATS,10.199.65.65
ghqdpiwww02,10.198.55.165
ghqdpisvc02,10.198.55.166
ghqdpifeed02,10.198.55.13
ghqdpibatch02,10.198.55.152
ghqpiauditfe03,"10.198.55.167,fe80::250:56ff:fe11:975a"
ghqpichefghp4,"10.198.55.155,fe80::250:56ff:fe2d:fb4c"
DEVDFS1,"10.198.55.252,10.198.30.145"
DEVPXE2,"10.198.30.86,fe80::250:56ff:feac:36,"
ghqpimzungu,
ghqpiauditfe04,
ghqpiauditfe05,"10.198.55.156,fe80::250:56ff:fe19:5749"
ghqpibackup01,"10.198.55.158,fe80::250:56ff:fe11:624f"
ghqpiauditfe06,"10.198.55.115,fe80::250:56ff:fe0c:4bfb"
ghqpigitbackup1,"10.198.55.4,fe80::250:56ff:fe0b:3973"
ghqpiawsupload2,"10.198.55.119,fe80::250:56ff:fe2f:39b1"
ghqpiawsupload1,"10.198.55.160,fe80::250:56ff:fe07:c351"
ghqpigitbackup2,"10.198.55.168,fe80::250:56ff:fe08:4a45"
ghqpimongoddb,
ghqpimongodb,"10.198.55.21,fe80::250:56ff:fe3d:f080"
ghqpilifebe01,"10.198.55.22,fe80::250:56ff:fe33:84ba"
ghqpilifefe01,"10.198.55.23,fe80::250:56ff:fe3b:cefd"
WIN2012R2--PROD V2.0.1,
Server2008-WEB-PROD v2.0.3 PROD,
Windows_2012_R2_Testing,
Windows_2012_R2_SiteBackEnd,
ghqpilifefe1,10.198.55.25
ghqpilifedb1,10.198.55.41
ghqpilifefe2,10.198.55.49
Ubuntu-14.04-Template,
ghqpigrape,
ghqpilifeapi2,10.198.55.169
ghqpilifeapi1,10.198.55.170
DEV_KSTEST1,
GHQREBELWEB04,10.198.55.116
GHQREBELWEB03,10.198.55.128
GHQGRAPHOMATIC,10.198.30.92
mwub041901,"10.198.55.159,fe80::250:56ff:fe24:dfbd"
mwub041902,"10.198.55.172,fe80::250:56ff:fe15:68de"
mwcn041903,
CentOS6-Basic-Template V1.0.0,
mwcn042104,10.198.56.4
GHQFOUND06,10.198.52.178
mwub4261,"10.198.56.5,fe80::250:56ff:fe27:f9c0"
CentOS7-Basic-Template V1.0.0,
2008webtostdtest,
2012Upgtest,
GHQBUILD1,10.198.30.141
PIREPORT02,10.199.65.101
GHQREBIMG01,"10.199.205.241,10.199.205.242"
GHQPITallyView,10.198.55.173
DEVVCTR2,
ghqpiintern1,10.198.55.175
DEVEKM1,10.198.245.99
ghqpijenkins,
ghqpiswagger1,
ghqpijenkins01,10.198.55.178
ATEDrone10,10.198.55.179
PIREPORT03,10.199.65.102
GHQCHEF02,10.198.30.77
GHQRELAY2,10.198.30.90
EPSILON,10.198.30.89
GHQFLASH,10.198.30.154
GHQCHIIMG01,"10.199.205.202,10.199.205.205"
GHQBLAST01,"10.198.40.145,10.198.40.135"
GHQPICHEFPROXY2,10.198.54.3
GHQRABBIT1,10.198.30.52
GHQRABBIT2,10.198.30.53
DEVHD3M1,10.199.60.187
ATEDRONE05,10.198.54.1
GHQRABBIT3,10.198.30.54
GHQPICHEFCORA,"10.198.54.4,fe80::250:56ff:fea2:6182"
GHQBUILD05,10.198.54.131
DEVCASSWEB1,"10.198.70.61,fe80::250:56ff:feb6:7fe"
DEVCASSWEB2,"10.198.70.62,fe80::250:56ff:feb6:7fed"
COMPUTRON,10.198.70.150
DEVCASSWEB3,"10.198.70.63,fe80::250:56ff:feb6:498c"
DEVCASSWEB4,"10.198.70.64,fe80::250:56ff:feb6:283d"
CBTESTAD1,10.198.105.9
CBTESTAD2,10.198.105.10
CBTESTMG1,10.198.105.11
ATEDRONE06,10.198.54.2
GHQCLS,10.198.52.115
GHQVASYNC02,10.198.55.51
GHQVASYNC01,10.198.55.104
GHQVAUTH01,10.198.55.103
GHQVAUTH02,10.198.55.102
GHQVBATCHA01,10.198.55.106
GHQVBATCHB01,10.198.55.101
GHQVBATCHC01,10.198.55.52
GHQVBATCHD01,10.198.55.53
GHQVCHIASYNC01,10.198.55.100
QTMJAPIMMS1,10.199.60.160
GHQVCHIASYNC02,10.198.55.54
GHQVCHIBATCH01,10.198.55.99
GHQVCHIDIO01,10.198.55.56
GHQVCHIDIO02,10.198.55.98
GHQVCHIDOC01,10.198.55.97
GHQVCHIDOC02,10.198.55.96
GHQVCHISC01,10.198.55.57
GHQVCHISC02,10.198.55.59
GHQVCHISTAPI01,10.198.55.60
GHQVCHISTAPI02,10.198.55.58
Windows2008R2-ATEDRONE-PROD,
GHQVCHIWS01,10.198.55.95
GHQVCHIWS02,10.198.55.61
GHQVCHIWWW01,10.198.55.63
GHQVCHIWWW03,10.198.55.62
GHQVCHIWWW04,10.198.55.65
GHQVJEPROC01,10.198.55.66
GHQVJEPROC02,10.198.55.94
GHQVJEPROC03,10.198.55.64
GHQVMAILSM01,10.198.55.67
GHQVMAILSM02,10.198.55.93
GHQVMAILSM03,10.198.55.92
DEVAD2,10.198.10.10
GHQVMAILSM04,10.198.55.26
GHQVMAILSM05,10.198.55.69
GHQVMAILSM06,10.198.55.72
GHQVMAILSM07,10.198.55.68
GHQVMAILSM08,10.198.55.73
GHQVORKIN01,10.198.55.76
GHQVORKIN02,10.198.55.74
GHQVREBASYNC01,10.198.55.91
GHQVREBASYNC02,10.198.55.78
GHQVREBBATCH01,10.198.55.90
TESTPXE1,"10.198.110.99,fe80::250:56ff:fea2:68cb,10.198.55.251,fe80::250:56ff:fea2:7747"
GHQVREBDIO01,10.198.55.75
GHQVREBDIO02,10.198.55.89
GHQVREBDOC01,10.198.55.77
GHQVREBDOC02,10.198.55.80
GHQVREBDOC03,10.198.55.88
GHQVREBSC01,10.198.55.87
GHQVREBSC02,10.198.55.81
GHQVREBSC03,10.198.55.79
GHQVREBSTAPI01,10.198.55.82
GHQVREBSTAPI02,10.198.55.83
GHQVREBWS01,10.198.55.86
GHQVREBWS02,10.198.55.85
GHQVREBWWW01,10.198.55.47
GHQVREBWWW03,10.198.55.45
GHQVREBWWW04,10.198.55.48
GHQVSVC01,10.198.55.46
GHQVSVC02,10.198.55.84
GHQVSVC03,10.198.55.43
GHQVSVC04,10.198.55.44
Ubuntu-14.04.2-lts-server-v001,
GHQPIAUDITFE1,
GHQPIAUDITDB1,"10.198.55.71,fe80::250:56ff:feb6:3ef"
GHQPIRAILSDB2,10.198.55.42
GHQPICHEFOPEN,"10.198.55.55,fe80::250:56ff:feb6:2ad2"
GHQSTARTIFACT,"10.198.52.95,fe80::250:56ff:feb6:2bd9"
GHQSTJENKINS,"10.198.52.118,fe80::250:56ff:feb6:4835"
GHQSTDEPLOY,"10.198.52.85,fe80::250:56ff:feb6:1781"
GHQQTWSOLRAPI1,"10.198.52.91,fe80::250:56ff:feb6:e4"
GHQCHISOLRAPI1,"10.198.52.90,fe80::250:56ff:feb6:7eb9"
GHQQTWSOLRRES1,"10.198.52.86,fe80::250:56ff:feb6:5d9d"
GHQQTWSOLRJOB1,"10.198.52.84,fe80::250:56ff:feb6:158f"
GHQCHISOLRRES1,"10.198.52.87,fe80::250:56ff:feb6:3436"
GHQCHISOLRJOB1,"10.198.52.83,fe80::250:56ff:feb6:7d5"
GHQSTPROXY02,"10.198.52.116,fe80::250:56ff:feb6:39cc"
BEARSTATS,10.230.65.65
CHISOLRJOBAUX01,10.230.214.80
CHISOLRJOBAUX02,10.230.214.81
CHISOLRJOBAUX03,10.230.214.82
CHISOLRJOBAUX08,10.230.214.87
CHISOLRJOBAUX09,10.230.214.88
CHISOLRJOBAUX10,10.230.214.89
CHISOLRJOBAUX15,10.230.214.94
CHISOLRJOBAUX16,10.230.214.95
CHISOLRJOBAUX17,10.230.214.96
CentOS66_v1b-prod,
CHISOLRJOB01,10.230.214.163
CHISOLRJOB02,10.230.214.164
CHISOLRJOB03,10.230.214.165
CHISOLRJOB05,10.230.214.167
CHISOLRJOB06,10.230.214.168
CHISOLRJOB07,10.230.214.169
BEARSOLRAPI5,10.230.214.144
CHISOLRJOB08,10.230.214.170
CHISOLRJOB09,10.230.214.171
CHISOLRJOB10,10.230.214.172
CHISOLRJOB11,10.230.214.173
CHISOLRJOB12,10.230.214.174
CHISOLRJOB13,10.230.214.175
CHISOLRJOB14,10.230.214.176
CHISOLRJOB15,10.230.214.177
CHIAPP02VSP02,"10.230.65.89,10.255.155.54"
CHISOLRJOB31,10.230.214.193
CHIFLUME1,
CHIFLUME2,
CHIFLUME3,
Solrjob_Master_Template,
BEARSOLRCMPM2,10.230.86.142
BEARSOLRCMPM3,10.230.86.143
BEARSOLRCMP3,10.230.86.153
BEARSOLRCMP4,10.230.86.154
CHISOLRJOB32,10.230.214.194
BEARSOLRCMP5,10.230.86.155
BEARSOLRCMP6,10.230.86.156
CHISOLRJOB33,10.230.214.195
CHISOLRJOB34,10.230.214.196
CHISOLRJOB35,10.230.214.197
CHISOLRJOB36,10.230.214.198
CHISOLRJOB37,10.230.214.199
CHISOLRJOB38,10.230.214.200
CHISOLRJOB39,10.230.214.201
CHISOLRJOB40,10.230.214.202
CHISOLRJOB41,10.230.214.203
CHISOLRJOB42,10.230.214.204
CHISOLRJOB43,10.230.214.205
CHISOLRJOB44,10.230.214.206
CHISOLRJOB45,10.230.214.207
Windows2008R2-ATEDRONE-PROD,
CHISNRAD01,10.230.65.18
BEARLS1,10.230.65.115
CHISOLRJOB04,10.230.214.166
CHISOLRJOB61,10.230.214.223
CHISOLRJOB62,10.230.214.224
CHISOLRJOB63,10.230.214.225
CHISOLRJOB64,10.230.214.226
CHISOLRJOB65,10.230.214.227
CHISOLRJOB66,10.230.214.228
CHISOLRJOB67,10.230.214.229
CHISOLRJOB68,10.230.214.230
CHISOLRJOB69,10.230.214.231
CHISOLRJOB70,10.230.214.232
CHISOLRJOB71,10.230.214.233
CHISOLRJOB72,10.230.214.234
CHISOLRJOB73,10.230.214.235
CHISOLRJOB74,10.230.214.236
CHISOLRJOB75,10.230.214.237
CHISOLRJOBM01,10.230.214.160
CHISOLRJOBM03,10.230.214.162
BEARDPIWEB2,10.230.212.102
CHIVCTR1,10.253.101.48
BEARJDIO10,10.230.64.110
BEARJDIO13,10.230.64.113
BEARJDIO14,10.230.64.114
BEARJDIO15,10.230.64.115
BEARJDIO16,10.230.64.116
BEARJDIO11,10.230.64.111
BEARJDIO18,10.230.64.118
BEARJDIO17,10.230.64.117
BEARJDIO19,10.230.64.119
BEARJDIO2,10.230.64.102
BEARJDIO3,10.230.64.103
BEARJDIO5,10.230.64.105
BEARJDIO6,10.230.64.106
VAULTCHIFE1,10.230.205.230
BEARJDIO7,10.230.64.107
BEARJDIO8,10.230.64.108
BEARJDIO9,10.230.64.109
BEARDOC1,10.230.215.101
BEARDOC2,10.230.215.102
BEARDOC3,10.230.215.103
BEARDOC4,10.230.215.104
BEARDOC5,10.230.215.105
BEARDOC6,10.230.215.106
BEARDOC7,10.230.215.107
BEARDOC8,10.230.215.108
CHILM02,10.230.65.73
CHILM03,10.230.65.74
CHILM04,10.230.65.76
CHILM05,10.230.65.77
CHILM06,10.230.65.78
CHILM07,10.230.65.79
CHILM08,10.230.65.63
BEARASYNC2,10.230.110.102
BEARASYNC1,10.230.110.101
BEARSOLRTNM2,10.230.77.170
BEARSOLRMSIM2,10.230.106.127
BEARSOLRMSI6,10.230.106.122
BEARSOLRTN7,10.230.77.171
BEARSOLRTN8,10.230.77.172
BEARSOLRTN9,10.230.77.173
BEARSOLRTN10,10.230.77.174
BEARSOLRTN11,10.230.77.175
BEARSOLRTN12,10.230.77.176
BEARSOLRMSI7,10.230.106.123
BEARSOLRMSI8,10.230.106.124
BEARSOLRMSI9,10.230.106.125
BEARSOLRMSI10,10.230.106.126
BEARSTAPI1,10.230.205.161
BEARASYNC3,10.230.110.103
BEARASYNC8,10.230.110.108
BEARASYNC7,10.230.110.107
BEARSTAPI2,10.230.205.162
BEARSTAPI3,10.230.205.163
BEARSTAPI4,10.230.205.164
BEARSTAPI5,10.230.205.165
BEARSTAPI6,10.230.205.166
BEARSTAPI7,10.230.205.167
BEARSTAPI8,10.230.205.168
BEARASYNC5,10.230.110.105
BEARSTAPI9,10.230.205.169
BEARSTAPI10,10.230.205.170
BEARASYNC6,10.230.110.106
BEARBAT1,10.230.105.101
BEARBAT2,"169.254.224.232,169.254.143.191,169.254.202.155,169.254.124.13,169.254.75.110,10.230.105.102"
BEARBAT3,10.230.105.103
BEARBAT4,10.230.105.104
BEARIMG01,"10.230.205.64,10.230.205.65"
BEARWS1,10.230.205.71
BEARSC1,10.230.60.101
BEARSC2,10.230.60.102
BEARRDIO1,10.230.64.201
BEARRDIO2,10.230.64.202
BEARRDIO3,10.230.64.203
BEARRDIO4,10.230.64.204
BEARSC3,10.230.60.103
BEARSC4,10.230.60.104
BEARJAPI2,"10.230.121.102,172.17.42.1"
BEARJAPI1,"10.230.121.101,172.17.42.1,"
BEARSC5,10.230.60.105
BEARSC6,10.230.60.106
BEARSC7,10.230.60.107
BEARSC8,10.230.60.108
BEARSC9,10.230.60.109
BEARSC10,10.230.60.110
BEARSC11,10.230.60.111
BEARIMG02,"169.254.27.116,169.254.102.172,169.254.240.56,169.254.147.127,10.230.205.66,10.230.205.67"
BEARJDIO1,10.230.64.101
BEARJDIO4,10.230.64.104
BEARJDIO26,10.230.64.120
BEARJDIO25,10.230.64.121
BEARJDIO24,10.230.64.133
BEARSRCHBAT01,10.230.105.120
BEARSRCHBAT02,10.230.105.121
BEARSRCHBAT03,10.230.105.122
BEARSRCHBAT04,10.230.105.123
BEARSRCHBAT05,10.230.105.124
BEARSRCHBAT06,10.230.105.125
BEARSRCHBAT07,10.230.105.126
BEARSRCHBAT08,10.230.105.127
BEARSRCHBAT09,10.230.105.128
BEARJDIO23,10.230.64.132
BEARSRCHBAT10,10.230.105.129
BEARWS2,10.230.205.72
BEARJDIO22,10.230.64.134
BEARSTAPI11,10.230.205.172
BEARSTAPI12,10.230.205.173
BEARDPIBATCH3,10.230.105.203
BEARSTAPI20,10.230.205.175
BEARSTAPI21,10.230.205.176
BEARJDIO21,10.230.64.135
BEARASYNC4,10.230.110.104
BEARJDIO20,10.230.64.136
BEARJDIO38,10.230.64.122
CentOS6-Basic-Template V1.0.0,
Server2008-WEB-PROD v2.0.2 PROD,
WIN2012R2--PROD V2,
BEARJDIO37,10.230.64.123
CHILM09,10.230.65.45
CHI-TMC-132,"10.230.65.132,fe80::250:56ff:fea2:1bb1"
BEARJDIO27,10.230.64.124
CHI-TMC-133,"10.230.65.133,fe80::250:56ff:fea2:1327"
CHI-TMC-134,"10.230.65.134,fe80::250:56ff:fea2:156a"
CHI-TMC-135,"10.230.65.135,fe80::250:56ff:fea2:6b48"
BEARRDIO08,10.230.64.40
BEARRDIO07,10.230.64.41
BEARJDIO36,10.230.64.125
BEARDPIWEB1,10.230.212.101
Server2008-WEB-PROD v2.0.3 PROD,
WIN2012R2--PROD V2.0.1,
BEARJDIO35,10.230.64.137
BEARJDIO34,10.230.64.126
CHI-A10-GSLB,
BEARAD1,10.230.10.9
CHIPILIFEFE1,10.230.205.41
BEARAD2,10.230.10.10
BEARJDIO33,10.230.64.127
BEARJDIO31,10.230.64.128
BEARJDIO30,10.230.64.129
BEARJDIO29,10.230.64.130
BEARJDIO28,10.230.64.131
BEARJDIO32,10.230.64.139
BEARRDIO6,10.230.64.140
BEARRDIO5,10.230.64.138
BEARDOC12,10.230.215.52
BEARDOC11,10.230.215.53
BEARDOC10,10.230.215.54
BEARDOC9,10.230.215.55
BEARJDIO12,10.230.64.141
CHISOLRJOBM02,10.230.214.161
CHIPILIFEAPI1,10.230.205.40
CHIPXE1,"10.230.15.120,fe80::250:56ff:fea2:4c8c,fe80::250:56ff:fea2:2096,10.230.77.251,fe80::250:56ff:fea2:2096"
BEARBOEXWS1,10.230.45.102
BEARSOLRAPIM1,10.230.214.154
BEARBOEXWS2,10.230.45.103
BEARSOLRRESM5,10.230.76.100
chismokeping,10.230.205.42
BEARSOLRMYSM1,10.230.106.130
Smokeping,
BEARSOLRCMPM1,10.230.86.122
BEARWEB01,10.230.205.201
BEARWEB02,10.230.205.202
WINIOMETER,10.230.86.190
BEARSOLRRPP2,10.230.77.139
BEARWEB03,10.230.205.203
BEARWEB04,10.230.205.204
BEARWEB05,10.230.205.205
BEARWEB06,10.230.205.206
BEARWEB07,10.230.205.207
BEARWEB08,10.230.205.208
BEARWEB09,10.230.205.209
BEARWEB10,10.230.205.110
BEARWEB11,10.230.205.111
chiswagger1,
BEARWEB12,10.230.205.112
BEARWEB13,10.230.205.113
BEARWEB14,10.230.205.114
BEARWEB15,10.230.205.115
BEARWEB16,10.230.205.116
BEARWEB17,10.230.205.117
BEARWEB18,10.230.205.118
BEARWEB19,10.230.205.119
BEARWEB20,10.230.205.120
BEARWEB21,10.230.205.121
BEARWEB22,10.230.205.122
BEARWEB23,10.230.205.123
BEARWEB24,10.230.205.124
BEARWEB25,10.230.205.125
BEARWEB26,10.230.205.126
BEARWEB27,10.230.205.127
BEARWEB28,10.230.205.128
BEARWEB29,10.230.205.129
BEARWEB30,10.230.205.130
BEARWEB31,10.230.205.131
BEARWEB32,10.230.205.132
BEARWEB33,10.230.205.133
BEARWEB34,10.230.205.134
BEARWEB35,10.230.205.135
BEARWEB36,10.230.205.136
BEARWEB37,10.230.205.137
BEARWEB38,10.230.205.138
BEARWEB39,10.230.205.139
BEARWEB40,10.230.205.140
BEARNXS01,10.230.45.98
BEARNXS02,10.230.45.99
CHI-LMC-130,
BEARWEB41,10.230.205.141
BEARWEB42,10.230.205.142
BEARWEB43,10.230.205.143
BEARWEB44,10.230.205.144
BEARWEB45,10.230.205.145
BEARWEB46,10.230.205.146
BEARWEB47,10.230.205.147
BEARWEB49,10.230.205.149
BEARWEB48,10.230.205.148
BEARWEB51,10.230.205.151
BEARWEB50,10.230.205.150
BEARWEB53,10.230.205.153
BEARWEB55,10.230.205.155
BEARWEB52,10.230.205.152
BEARWEB57,10.230.205.157
BEARWEB54,10.230.205.154
BEARWEB59,10.230.205.159
BEARWEB56,10.230.205.156
BEARWEB58,10.230.205.158
BEARWEB60,10.230.205.160
Solrjob_Template,
BEARSOLREDGE05,10.230.106.176
BEARSOLREDGE07,10.230.106.178
BEARSOLREDGE08,10.230.106.179
BEARSOLREDGE09,10.230.106.180
BEARSOLREDGEM2,10.230.106.182
BEARSOLREDGE06,10.230.106.177
BEARSOLREDGE10,10.230.106.181
BEARPMTA100,"10.230.193.100,10.230.193.101,10.230.193.102,10.230.193.103"
BEARPMTA110,"10.230.193.110,10.230.193.111,10.230.193.112,10.230.193.113,fe80::20c:29ff:fe27:59b3"
BEARPMTA120,"10.230.193.120,10.230.193.121,10.230.193.122,10.230.193.123,fe80::20c:29ff:fe58:4c98"
BEARPMTA130,"10.230.193.130,10.230.193.131,10.230.193.132,10.230.193.133,fe80::20c:29ff:fe26:a1ae"
BEARPMTA200,"10.230.193.200,10.230.193.201,10.230.193.202,10.230.193.203,fe80::20c:29ff:fe37:6258"
BEARPMTA210,"10.230.193.210,10.230.193.211,10.230.193.212,10.230.193.213,fe80::20c:29ff:fef8:8c07"
BEARPMTA220,"10.230.193.220,10.230.193.221,10.230.193.222,10.230.193.223,fe80::20c:29ff:fe38:2d2e"
BEARPMTA230,"10.230.193.230,10.230.193.231,10.230.193.232,10.230.193.233,fe80::20c:29ff:fea3:9555"
BEARBLAST1,10.230.10.111
BEARDPIBATCH1,10.230.105.201
BEARDPISVC1,10.230.213.101
BEARDPIBATCH2,10.230.105.202
BEARDPISVC2,10.230.213.102
BEARSOLRRES12,10.230.76.171
BEARSOLRRPP4,10.230.77.141
CHI-TMC-131,"10.230.65.131,fe80::250:56ff:fea2:2e85"
CHIAPP02VSP01,"10.230.65.81,10.255.155.54"
CHIPIGITAUDITFE1,10.230.205.92
CHISPACES1,10.230.15.141
