3PARREPORT,10.241.110.184
bear030924,10.231.107.101
bear030925,10.231.107.100
bearapim1,10.231.106.215
bearapim2,10.231.106.216
BEARBUILDVM1,10.231.15.119
bearcass01,10.231.110.110
bearcass03,10.231.110.112
bearcass04,10.231.110.113
bearddp1a,10.231.110.118
bearddp1b,10.231.110.119
beardeployvm1,10.231.15.96
BEARLS01,10.231.65.111
BEARRPROC10,10.231.15.121
bearrproc7,10.231.230.107
bearsolrapi12,10.231.106.114
bearsolrapi8,10.231.214.150
bearsolrapi9,10.231.106.111
bearsolrapim12,10.231.106.108
bearsolrapim8,10.231.214.149
bearsolrapim9,10.231.106.105
bearsolrnt3,10.231.77.147
BEARSOLRONE03,10.231.106.168
BEARSOLRONE04,10.231.106.169
BEARSOLRONE05,10.231.106.170
BEARSOLRONE06,10.231.106.171
BEARSOLRONE07,10.231.106.172
BEARSOLRONEM1,10.231.106.165
bearsolrres37,10.231.77.151
bearsolrres38,10.231.77.152
bearsolrresjobm1,10.231.214.110
BEARSOLRSPARE1,10.231.15.141
bearspare1,10.241.214.151
bearspare2,10.241.214.152
bearspare3,10.241.214.153
BEARSPARE9,10.231.15.123
BEARSRCHBAT1,10.231.105.111
BEARSRCHBAT2,10.231.105.112
BEARSRCHBAT3,10.231.105.108
BEARSRCHBAT4,10.231.105.109
BEARSRCHBAT5,10.231.105.110
BEARSRCHBAT6,10.231.105.114
BEARSRCHBAT7,10.231.105.115
BEARSRCHBAT8,10.231.105.116
BEARSRCHBAT9,10.231.105.117
BEARSTAPI14,10.231.205.174
BEARSTAPI17,10.231.205.177
BEARSTAPI18,10.231.205.178
BEARSTAPI19,10.231.205.179
BEARVMHOST01,10.231.15.101
BEARVMHOST02,10.231.15.102
bearwebtest1,10.231.205.200
bearwebtest2,10.231.205.201
betterjobdb7,10.211.255.21
BIRDSA,10.240.19.194
BIRDSB,10.240.19.195
bobatch100,10.241.105.157
bobatch101,10.241.105.158
boblast100,10.241.10.100
bumblea,10.241.110.86
bumbleb,10.241.110.87
cbbatch117,10.240.19.75
cbbatch118,10.240.19.84
cbbatch119,10.240.19.85
cbbatch200,10.240.19.88
CBBOASYNC01,10.241.183.102
CBBOASYNC02,10.241.183.103
CBBOMX01,10.241.160.203
CBBOMX02,10.241.160.204
cbcass10,10.241.205.149
cbcass11,10.241.205.150
cbcass12,10.241.205.151
cbcass13,10.241.205.152
cbcass14,10.241.205.153
cbcass15,10.241.205.154
cbcass9,10.241.205.148
cbrabbit01,10.241.205.130
cbrabbit02,10.241.205.131
cbrabbit03,10.241.205.128
cbrabbit04,10.241.205.129
CBSTATSBATCH01,10.241.105.135
CBSTATSBATCH02,10.241.105.136
chi108s1,10.231.254.50
chi108s2,10.231.254.80
chi109s1,10.231.254.110
CHIPXEHOST,10.231.15.80
CHISBRGE01,10.231.65.18
chivmhost01,10.231.15.121
cliffa,10.241.110.115
cliffb,10.241.110.116
DANGERA,10.241.110.190
DANGERB,10.241.110.191
DARKA,10.241.65.141
DARKB,10.241.65.142
devapp01vml14,10.241.243.24
devcloud01,10.241.2.11
devcloud02,10.241.2.12
devcloud04,10.241.2.14
devcloud06,10.241.2.16
devcloud14,10.241.2.24
devcloud16,10.241.2.26
devcloud19,10.241.2.29
devcloud20,10.241.2.30
devcloud21,10.241.2.31
devcloud22,10.241.2.32
devcloud23,10.241.2.33
devcloud24,10.241.2.34
devcloud25,10.241.2.35
devcloud26,10.241.2.36
DEVDBVM,10.241.19.50
DEVDBVM10,10.241.19.60
DEVDBVM7,10.241.19.57
DEVDBVM8,10.241.19.58
DEVDBVM9,10.241.19.59
devsbvm3,10.241.19.108
devsbvm4,10.241.19.109
devsbvm5,10.241.19.110
devsoundb,10.241.99.73
devstrtshv10,10.241.2.20
devstrtshv11,10.241.2.21
devstrtshv12,10.241.2.22
devstrtshv13,10.241.2.23
devstrtshv15,10.241.2.25
devstrtshv17,10.241.2.27
devstrtshv18,10.241.2.28
devstrtshv20,10.241.2.30
devstrtshv3,10.241.2.13
devstrtshv5,10.241.2.15
devstrtshv6,10.241.2.16
devstrtshv7,10.241.2.17
devstrtshv8,10.241.2.18
devstrtshv9,10.241.2.19
devstrtshvm1,10.241.2.1
devstrtshvm2,10.241.2.2
devstrtsstr1,10.241.2.201
devstrtsstr2,10.241.2.202
devvm1,10.241.19.101
devvm2,10.241.19.102
devvm3,10.241.19.103
devvm4,10.241.19.104
devvm5,10.241.19.105
dis-vascoidvm,10.232.15.110
DPIBLAST1Q,10.241.212.200
DPIMAIL1Q,10.241.212.190
DPISVC1Q,10.241.213.100
drdbtfs,10.232.110.128
ghqbuild2,10.241.30.146
ghqbuild3.ghqbuild3,10.241.30.143
ghqfound01,10.241.30.148
iRMCF94843,10.231.106.175
iRMCF94846,10.231.106.172
LUIGIASYNC1,10.232.110.101
LUIGIASYNC10,10.232.110.110
LUIGIASYNC2,10.232.110.102
LUIGIASYNC3,10.232.110.103
LUIGIASYNC4,10.232.110.104
LUIGIASYNC5,10.232.110.105
LUIGIASYNC6,10.232.110.106
LUIGIASYNC7,10.232.110.107
LUIGIASYNC8,10.232.110.108
LUIGIASYNC9,10.232.110.109
LUIGIAUTH1,10.232.101.101
LUIGIAUTH2,10.232.101.102
LUIGIBATCH1,10.232.105.101
LUIGIBATCH10,10.232.105.110
LUIGIBATCH11,10.232.105.111
LUIGIBATCH12,10.232.105.112
luigibatch13,10.232.105.113
LUIGIBATCH14,10.232.105.114
LUIGIBATCH15,10.232.105.115
LUIGIBATCH16,10.232.105.116
LUIGIBATCH2,10.232.105.102
LUIGIBATCH3,10.232.105.103
LUIGIBATCH4,10.232.105.104
LUIGIBATCH5,10.232.105.105
LUIGIBATCH6,10.232.105.106
LUIGIBATCH7,10.232.105.107
LUIGIBATCH8,10.232.105.108
LUIGIBATCH9,10.232.105.109
luigideployvm1,10.232.15.96
LUIGIJEPROC1,10.232.84.101
LUIGIJEPROC2,10.232.84.102
LUIGIJEPROC3,10.232.84.103
LUIGIJEPROC4,10.232.84.104
luigijeproc5,10.232.84.105
LUIGIJEPROC6,10.232.84.106
LUIGIMAIL1,10.232.186.101
LUIGIMAIL10,10.232.40.50
LUIGIMAIL100,10.232.188.50
LUIGIMAIL101,10.232.188.70
luigimail102,10.232.188.90
LUIGIMAIL11,10.232.40.70
LUIGIMAIL12,10.232.40.90
LUIGIMAIL2,10.232.186.102
LUIGIMAIL200,10.232.187.100
LUIGIMAIL201,10.232.187.101
LUIGIMAIL202,10.232.187.102
LUIGIMAIL203,10.232.187.103
LUIGIMAIL204,10.232.187.104
LUIGIMAIL205,10.232.187.105
LUIGIMAIL300,10.232.192.100
LUIGIMAIL301,10.232.192.101
LUIGIORKIN1,10.232.65.71
luigiparse1,10.232.222.101
luigiparse2,10.232.222.102
LUIGIRPROC1,10.232.230.101
LUIGIRPROC2,10.232.230.102
LUIGIRPROC3,10.232.230.103
LUIGIRPROC4,10.232.230.104
LUIGISPARE1,10.232.192.100
luigispare2,10.232.192.101
luigispare3,10.232.192.102
luigispare4,10.232.192.103
LUIGISVC1,10.232.100.101
LUIGISVC2,10.232.100.102
LUIGISVC3,10.232.100.103
LUIGISVC4,10.232.100.104
LUIGISVC5,10.232.100.105
LUIGISVC6,10.232.100.106
LUIGIVMHOST1,10.232.15.153
LUIGIVMHOST10,10.232.15.162
LUIGIVMHOST11,10.232.15.163
LUIGIVMHOST12,10.232.15.164
LUIGIVMHOST13,10.232.15.165
luigivmhost2,10.232.15.154
LUIGIVMHOST3,10.232.15.155
LUIGIVMHOST4,10.232.15.156
LUIGIVMHOST5,10.232.15.157
LUIGIVMHOST6,10.232.15.158
LUIGIVMHOST7,10.232.15.159
LUIGIVMHOST8,10.232.15.160
LUIGIVMHOST9,10.232.15.161
qtm-ns-storage,10.241.65.197
qtm-vascoidvm,10.241.70.110
qtmbkp2,10.241.245.155
qtmcass23,10.241.205.193
qtmcass24,10.241.205.194
qtmcassdb1,10.241.205.111
qtmcassdb2,10.241.205.112
qtmchefs1,10.241.65.80
qtmchefw1,10.241.65.81
qtmhd4d1,10.241.99.200
qtmhd4d2,10.241.99.201
qtmhd4d3,10.241.99.202
qtmhd4d4,10.241.99.203
qtmhd4d5,10.241.99.204
qtmhd4d6,10.241.99.215
qtmhd4d7,10.241.99.216
qtmhd5d1,10.241.99.205
qtmhd5d2,10.241.99.206
qtmhd5d3,10.241.99.207
qtmhd5d4,10.241.99.208
qtmhd5d5,10.241.99.209
qtmhd5d6,10.241.99.217
qtmhd5d7,10.241.99.218
qtmhd6d1,10.241.99.210
qtmhd6d2,10.241.99.211
qtmhd6d3,10.241.99.212
qtmhd6d4,10.241.99.213
qtmhd6d5,10.241.99.214
qtmhd6d6,10.241.99.219
qtmhd6d7,10.241.99.220
qtmhdtest1,10.241.99.240
qtmjdproc1,10.241.230.112
qtmjdproc2,10.241.230.113
qtmjdrabbit1,10.241.205.112
qtmjdrabbit2,10.241.205.113
qtmmgmtvm,10.241.70.90
qtmpassvm1,10.241.10.71
QTWAPP02SW01,10.211.217.11
QTWAPP02SW02,10.211.217.12
qtwvcmdr,10.211.255.2
QTXANRAD01,10.241.65.18
QTXAPP02SW01,10.241.217.11
QTXAPP02SW02,10.241.217.12
qtxcbone01,10.241.122.101
qtxcbone02,10.241.122.102
qtxgeohost02,10.241.15.108
qtxhyper2,10.211.255.12
qtxhyperv1,10.211.255.11
REBEL1,10.211.205.101
REBEL10,10.211.205.110
REBEL11,10.211.205.111
REBEL12,10.211.205.112
REBEL13,10.211.205.113
REBEL14,10.211.205.114
REBEL15,10.211.205.115
REBEL16,10.211.205.116
REBEL17,10.211.205.117
REBEL18,10.211.205.118
REBEL19,10.211.205.119
REBEL2,10.211.205.102
REBEL20,10.211.205.120
REBEL21,10.211.205.121
REBEL22,10.211.205.122
REBEL23,10.211.205.123
REBEL24,10.211.205.124
REBEL25,10.211.205.125
REBEL26,10.211.205.126
REBEL27,10.211.205.127
REBEL28,10.211.205.128
REBEL29,10.211.205.129
REBEL3,10.211.205.103
REBEL30,10.211.205.130
REBEL32,10.211.205.132
REBEL33,10.211.205.133
REBEL34,10.211.205.134
REBEL35,10.211.205.135
REBEL36,10.211.205.136
REBEL37,10.211.205.137
REBEL38,10.211.205.138
REBEL39,10.211.205.139
REBEL4,10.211.205.104
REBEL40,10.211.205.140
REBEL41,10.211.205.141
REBEL42,10.211.205.142
REBEL43,10.211.205.143
REBEL44,10.211.205.144
REBEL45,10.211.205.145
REBEL46,10.211.205.146
REBEL47,10.211.205.147
REBEL48,10.211.205.148
REBEL49,10.211.205.149
REBEL5,10.211.205.105
REBEL50,10.211.205.150
REBEL51,10.211.205.151
REBEL52,10.211.205.152
REBEL53,10.211.205.153
REBEL54,10.211.205.154
REBEL55,10.211.205.155
REBEL56,10.211.205.156
REBEL57,10.211.205.157
REBEL58,10.211.205.158
REBEL59,10.211.205.159
REBEL6,10.211.205.106
REBEL60,10.211.205.160
REBEL7,10.211.205.107
REBEL8,10.211.205.108
REBEL9,10.211.205.109
rebelb1123,10.211.107.101
REBELBAT01,10.211.105.100
REBELBAT02,10.211.15.148
REBELBAT03,10.211.105.102
REBELBAT04,10.211.105.103
REBELCONAPI01,10.211.205.201
REBELDFS1,10.211.15.107
rebeldw1,10.241.20.51
rebeldw2,10.241.20.52
rebeldw3,10.241.20.53
REBELDW4,10.241.20.54
REBELJDIO1,10.211.64.201
REBELJDIO2,10.211.64.202
REBELJDIO3,10.211.64.203
REBELJDIO4,10.211.64.204
REBELJDIO5,10.211.64.205
REBELJDIO6,10.211.64.206
REBELJDIO7,10.211.64.207
REBELJDIO8,10.211.64.208
REBELJDIO9,10.211.64.209
rebelmxws100,10.241.160.102
rebelmxws101,10.241.160.103
REBELNXS1,10.211.45.100
REBELNXS2,10.211.45.101
rebelpoi7,10.211.106.107
REBELRDIO1,10.211.64.101
REBELRDIO2,10.211.64.102
REBELRDIO3,10.211.64.103
REBELRDIO4,10.211.64.104
REBELSC7,10.211.60.107
rebelsolrapi8,10.211.106.128
rebelsolrapi9,10.211.106.134
rebelsolrapim12,10.211.106.132
rebelsolrapim8,10.211.106.127
rebelsolrapim9,10.211.106.129
rebelsolrbeast,10.211.76.170
rebelsolrjob1,10.211.214.120
REBELSOLRJOB10,10.211.214.129
REBELSOLRJOB11,10.211.214.130
REBELSOLRJOB12,10.211.214.131
REBELSOLRJOB13,10.211.214.132
rebelsolrjob14,10.211.214.133
rebelsolrjob15,10.211.214.134
REBELSOLRJOB16,10.211.214.135
REBELSOLRJOB17,10.211.214.136
rebelsolrjob18,10.211.214.137
REBELSOLRJOB19,10.211.214.138
rebelsolrjob2,10.211.214.121
REBELSOLRJOB20,10.211.214.139
REBELSOLRJOB24,10.211.214.143
REBELSOLRJOB25,10.211.214.144
REBELSOLRJOB26,10.211.214.145
REBELSOLRJOB27,10.211.214.146
REBELSOLRJOB28,10.211.214.147
REBELSOLRJOB29,10.211.214.148
rebelsolrjob3,10.211.214.122
REBELSOLRJOB31,10.211.214.150
REBELSOLRJOB32,10.211.214.151
rebelsolrjob4,10.211.214.123
rebelsolrjob5,10.211.214.124
rebelsolrjob6,10.211.214.125
rebelsolrjob7,10.211.214.126
rebelsolrjob8,10.211.214.127
REBELSOLRJOB9,10.211.214.128
rebelsolrjobm1,10.211.214.101
rebelsolrjobm2,10.211.214.102
rebelsolrjobm3,10.211.214.103
rebelsolrmsp2,10.211.106.146
rebelsolrmsp4,10.211.106.148
REBELSOLRONE03,10.211.106.168
rebelsolrone03F8A6EB,10.211.106.168
REBELSOLRONE04,10.211.106.169
REBELSOLRONE05,10.211.106.170
REBELSOLRONE06,10.211.106.171
REBELSOLRONE07,10.211.106.172
REBELSOLRONEM1,10.211.106.165
REBELSOLRRES35,10.211.77.153
rebelspace,10.211.15.93
REBELVMHOST01,10.211.15.121
REBELVMHOST02,10.211.15.122
REBELVMHOST03,10.211.15.122
REBELVMHOST04,10.211.15.117
rebesolrone01,10.211.106.166
solarwindsdb,10.241.10.237
sounda,10.241.110.76
soundb,10.241.110.77
telx-redpanda1,172.30.254.22
testtest,10.240.18.100
