rebeljdio20,10.210.64.55
rebeljdio21,10.210.64.62
rebeljdio22,10.210.64.60
rebeljdio23,10.210.64.59
rebeljdio24,10.210.64.65
rebeljdio25,10.210.64.67
rebeljdio26,10.210.64.51
rebeljdio27,10.210.64.52
rebeljdio28,10.210.64.54
rebeljdio29,10.210.64.64
rebeljdio10,10.210.64.210
rebeljdio11,10.210.64.211
rebeljdio12,10.210.64.212
rebeljdio13,10.210.64.213
rebeljdio14,10.210.64.214
rebeljdio15,10.210.64.215
rebeljdio16,10.210.64.216
rebeljdio17,10.210.64.217
rebeljdio18,10.210.64.218
rebeljdio19,10.210.64.219
rebeljdio30,10.210.64.68
rebeljdio31,10.210.64.66
rebeljdio01,10.210.64.82
rebeljdio02,10.210.64.81
rebeljdio32,10.210.64.69
rebeljdio33,10.210.64.63
rebeljdio34,10.210.64.61
rebeljdio35,10.210.64.58
rebeljdio36,10.210.64.57
rebeljdio37,10.210.64.53
rebeljdio38,10.210.64.56
rebeljdio03,10.210.64.80
rebeljdio04,10.210.64.79
rebeljdio05,10.210.64.78
rebeljdio06,10.210.64.77
rebeljdio07,10.210.64.76
rebeljdio08,10.210.64.75
rebeljdio09,10.210.64.74
bearjdio12,10.230.64.141
bearjdio20,10.230.64.136
bearjdio21,10.230.64.135
bearjdio22,10.230.64.134
bearjdio23,10.230.64.132
bearjdio24,10.230.64.133
bearjdio25,10.230.64.121
bearjdio26,10.230.64.120
bearjdio27,10.230.64.124
bearjdio28,10.230.64.131
bearjdio29,10.230.64.130
bearjdio1,10.230.64.101
bearjdio2,10.230.64.102
bearjdio3,10.230.64.103
bearjdio4,10.230.64.104
bearjdio5,10.230.64.105
bearjdio6,10.230.64.106
bearjdio7,10.230.64.107
bearjdio8,10.230.64.108
bearjdio9,10.230.64.109
bearjdio10,10.230.64.110
bearjdio11,10.230.64.111
bearjdio30,10.230.64.129
bearjdio13,10.230.64.113
bearjdio14,10.230.64.114
bearjdio15,10.230.64.115
bearjdio16,10.230.64.116
bearjdio17,10.230.64.117
bearjdio18,10.230.64.118
bearjdio19,10.230.64.119
bearjdio31,10.230.64.128
bearjdio32,10.230.64.139
bearjdio33,10.230.64.127
bearjdio34,10.230.64.126
bearjdio35,10.230.64.137
bearjdio36,10.230.64.125
bearjdio37,10.230.64.123
bearjdio38,10.230.64.122
bearrdio07,10.230.64.41
bearrdio08,10.230.64.40
bearrdio3,10.230.64.203
bearrdio4,10.230.64.204
bearrdio1,10.230.64.201
bearrdio2,10.230.64.202
bearrdio5,10.230.64.138
bearrdio6,10.230.64.140
rebelrdio01,10.210.64.86
rebelrdio02,10.210.64.85
rebelrdio03,10.210.64.84
rebelrdio04,10.210.64.83
rebelrdio5,10.210.64.73
rebelrdio6,10.210.64.72
rebelrdio7,10.210.64.71
rebelrdio8,10.210.64.70
beardoc1,10.230.215.101
beardoc2,10.230.215.102
beardoc3,10.230.215.103
beardoc4,10.230.215.104
beardoc5,10.230.215.105
beardoc6,10.230.215.106
beardoc7,10.230.215.107
beardoc8,10.230.215.108
beardoc9,10.230.215.55
beardoc10,10.230.215.54
beardoc11,10.230.215.53
beardoc12,10.230.215.52
rebeldoc8,10.210.215.107
rebeldoc01,10.210.215.201
rebeldoc02,10.210.215.202
rebeldoc03,10.210.215.203
rebeldoc04,10.210.215.204
rebeldoc05,10.210.215.205
rebeldoc06,10.210.215.206
rebeldoc09,10.210.215.103
rebeldoc10,10.210.215.102
rebeldoc11,10.210.215.101
rebeldoc12,10.210.215.100
rebeldoc07,10.210.215.126
cbauth1,10.240.101.104
cbauth2,10.240.101.105
cbauth3,10.240.101.106
cbauth4,10.240.101.107
cbsvc1,10.240.100.109
cbsvc2,10.240.100.110
cbsvc3,10.240.100.111
cbsvc4,10.240.100.112
cbsvc5,10.240.100.113
cbsvc6,10.240.100.114
cbsvc7,10.240.100.115
cbsvc8,10.240.100.116
cbsvc9,10.240.100.117
cbsvc10,10.240.100.43
cbsvc11,10.240.100.41
cbsvc12,10.240.100.42
cbsvc13,10.240.100.40
cbsvc14,10.240.100.45
cbjeproc105,10.240.84.140
cbjeproc100,10.240.84.100
cbjeproc101,10.240.84.101
cbjeproc102,10.240.84.102
cbjeproc103,10.240.84.103
cbjeproc104,10.240.84.104
cbjeproc106,10.240.84.106
cbjeproc107,10.240.84.107
cbjeproc108,10.240.84.108
cbjeproc109,10.240.84.109
cbjeproc110,10.240.84.110
cbjeproc111,10.240.84.111
cbjeproc112,10.240.84.112
cbjeproc113,10.240.84.113
cbjeproc114,10.240.84.114
cbjeproc115,10.240.84.115
cbjeproc116,10.240.84.120
cbjeproc117,10.240.84.124
cbjeproc118,10.240.84.123
cbjeproc119,10.240.84.122
cbjeproc120,10.240.84.121
cbjeproc121,10.240.84.135
cbjeproc122,10.240.84.131
cbjeproc123,10.240.84.130
cbjeproc124,10.240.84.134
cbjeproc125,10.240.84.132
cbjeproc126,10.240.84.129
cbjeproc127,10.240.84.127
cbjeproc128,10.240.84.128
cbjeproc129,10.240.84.126
cbjeproc130,10.240.84.133
cbjeproc131,10.240.84.125