"samaccountname","DistinguishedName","Name","whencreated","LastLogondate","LastLogonTimeStamp"
"cma.site","CN=Chunmei Ma,CN=Users,DC=atl,DC=careerbuilder,DC=com","Chunmei Ma","7/1/2012 10:50:13 PM","9/24/2015 7:45:33 AM","9/24/2015 7:45:33 AM"
"smondal.site","CN=Swagata Mondal,CN=Users,DC=atl,DC=careerbuilder,DC=com","Swagata Mondal","2/17/2014 9:42:31 AM","9/24/2015 7:06:58 AM","9/24/2015 7:06:58 AM"
"avalliappan.site","CN=Arun Valliappan,CN=Users,DC=atl,DC=careerbuilder,DC=com","Arun Valliappan","1/29/2015 9:57:37 AM","8/24/2015 11:13:40 AM","8/24/2015 11:13:40 AM"
"epresley.site","CN=Eric Presley,CN=Users,DC=atl,DC=careerbuilder,DC=com","Eric Presley","1/30/2015 2:16:27 PM","9/2/2015 12:01:08 PM","9/2/2015 12:01:08 PM"
"mspencer.site","CN=Mason Spencer,CN=Users,DC=atl,DC=careerbuilder,DC=com","Mason Spencer","6/19/2015 6:40:47 PM","9/17/2015 10:22:10 AM","9/17/2015 10:22:10 AM"
"lejackson.site","CN=Le'Quetia Hollis,CN=Users,DC=atl,DC=careerbuilder,DC=com","Le'Quetia Hollis","8/18/2015 10:32:26 AM","9/16/2015 4:30:16 PM","9/16/2015 4:30:16 PM"
"wchoo.site","CN=Wei Choo,CN=Users,DC=atl,DC=careerbuilder,DC=com","Wei Choo","8/28/2015 8:46:35 AM","9/15/2015 2:41:32 AM","9/15/2015 2:41:32 AM"
