#TYPE Selected.Microsoft.ActiveDirectory.Management.ADUser
"Name","mail","samaccountname","description","distinguishedname","enabled","SID"
"_QPM_svc_usr3",,"_QPM_svc_usr3","Service Account - Quest Password Manager","CN=_QPM_svc_usr3,CN=Users,DC=atl,DC=careerbuilder,DC=com","True","S-1-5-21-839522115-261903793-1417001333-10828"
"Boss Batch User",,"bossbatch","Service Account - BOSS","CN=Boss Batch User,CN=Users,DC=atl,DC=careerbuilder,DC=com","True","S-1-5-21-839522115-261903793-1417001333-6741"
"Boss Usr",,"bossusr","Service Account - BOSS POC: Thomas","CN=Boss Usr,CN=Users,DC=atl,DC=careerbuilder,DC=com","True","S-1-5-21-839522115-261903793-1417001333-2677"
"cbarbiter",,"cbarbiter","Service Account - Automatically resolves on-call issues; POC: Thomas Rega (HackDayProject)","CN=cbarbiter,CN=Users,DC=atl,DC=careerbuilder,DC=com","True","S-1-5-21-839522115-261903793-1417001333-18831"
"cbblast",,"cbblast","Service Account","CN=cbblast,CN=Users,DC=atl,DC=careerbuilder,DC=com","True","S-1-5-21-839522115-261903793-1417001333-2640"
"cbflume",,"cbflume","Service Account - BigData Team","CN=cbflume,CN=Users,DC=atl,DC=careerbuilder,DC=com","True","S-1-5-21-839522115-261903793-1417001333-27783"
"CBSync",,"CBSync","Service Account - File syncing, xml changes, self healing tasks across CBSys machines.","CN=CBSync,CN=Users,DC=atl,DC=careerbuilder,DC=com","True","S-1-5-21-839522115-261903793-1417001333-19666"
"chefclass",,"chefclass","Service Account - Chef user for parse and classification resources (POC: Classification Team)","CN=chefclass,CN=Users,DC=atl,DC=careerbuilder,DC=com","True","S-1-5-21-839522115-261903793-1417001333-19814"
"chefsearch",,"chefsearch","Service Account - Chef user to access solr servers","CN=chefsearch,CN=Users,DC=atl,DC=careerbuilder,DC=com","True","S-1-5-21-839522115-261903793-1417001333-18939"
"chefsoa",,"chefsoa","Service Account - Chef user account for SOA (POC: SiteSearch)","CN=chefsoa,CN=Users,DC=atl,DC=careerbuilder,DC=com","True","S-1-5-21-839522115-261903793-1417001333-19201"
"Cloud SVC",,"cloudsvc","Service Account - User for automating cloud procedures","CN=Cloud SVC,CN=Users,DC=atl,DC=careerbuilder,DC=com","True","S-1-5-21-839522115-261903793-1417001333-19785"
"CloudStack LDAP",,"cloudstackldap","LDAP user for CloudStack authentication","CN=CloudStack LDAP,CN=Users,DC=atl,DC=careerbuilder,DC=com","False","S-1-5-21-839522115-261903793-1417001333-25161"
"datawh srvc",,"datawhsrvc","Service Account - DW (POC: Sam Sander)","CN=datawh srvc,CN=Users,DC=atl,DC=careerbuilder,DC=com","True","S-1-5-21-839522115-261903793-1417001333-27112"
"Deployment Installer",,"deploymentinstalller","POC:  William Botain - Install apps locally","CN=Deployment Installer,CN=Users,DC=atl,DC=careerbuilder,DC=com","True","S-1-5-21-839522115-261903793-1417001333-27354"
"DPI User",,"dpiusr","Service Account - DPI Services","CN=DPI User,CN=Users,DC=atl,DC=careerbuilder,DC=com","True","S-1-5-21-839522115-261903793-1417001333-1197"
"Guest",,"Guest","Built-in account for guest access to the computer/domain","CN=Guest,CN=Builtin,DC=atl,DC=careerbuilder,DC=com","False","S-1-5-21-839522115-261903793-1417001333-501"
"Hadoop Backup",,"hadoopbkpusr","Service Account for Hadoop Config. Backup","CN=Hadoop Backup,CN=Users,DC=atl,DC=careerbuilder,DC=com","True","S-1-5-21-839522115-261903793-1417001333-18850"
"Hadoop Service Account",,"hadoopsvc","Service Account - POC: Sam Sander - Hadoop Service Account","CN=Hadoop Service Account,CN=Users,DC=atl,DC=careerbuilder,DC=com","True","S-1-5-21-839522115-261903793-1417001333-18609"
"Jira Service Account",,"svc_jira_account","Used for siteops jira","CN=Jira Service Account,CN=Users,DC=atl,DC=careerbuilder,DC=com","True","S-1-5-21-839522115-261903793-1417001333-27766"
"JoinUsr",,"joinusr","Service Account- User for scripts to join servers to domain","CN=JoinUsr,CN=Users,DC=atl,DC=careerbuilder,DC=com","True","S-1-5-21-839522115-261903793-1417001333-6607"
"Kaseya Updates",,"kaseyaupdates","Service Account - Used for Kaseya MS updates in remote dataceneters","CN=Kaseya Updates,CN=Users,DC=atl,DC=careerbuilder,DC=com","True","S-1-5-21-839522115-261903793-1417001333-13122"
"ldap admin",,"ldapadmin","Service Account - ldap administration account","CN=ldap admin,CN=Users,DC=atl,DC=careerbuilder,DC=com","True","S-1-5-21-839522115-261903793-1417001333-16633"
"LM Service Account",,"lmuser","New LM Service Account User 2012 Collectors","CN=LM Service Account,CN=Users,DC=atl,DC=careerbuilder,DC=com","True","S-1-5-21-839522115-261903793-1417001333-27794"
"logicmonitor",,"logicmonitor","Service Account - Logic Monitor User for all Site resources POC: Kirk Jantzer","CN=logicmonitor,CN=Users,DC=atl,DC=careerbuilder,DC=com","True","S-1-5-21-839522115-261903793-1417001333-19720"
"mapusr",,"mapusr","Service Account - Mapping Services","CN=mapusr,CN=Users,DC=atl,DC=careerbuilder,DC=com","True","S-1-5-21-839522115-261903793-1417001333-1753"
"Monitoring Service",,"monsrv","Service Account - SiteOps Monitoring - Sharepoint, DMC etc.","CN=Monitoring Service,CN=Users,DC=atl,DC=careerbuilder,DC=com","True","S-1-5-21-839522115-261903793-1417001333-10701"
"mtusr",,"mtusr","Service Account - User for MT servers","CN=mtusr,CN=Users,DC=atl,DC=careerbuilder,DC=com","True","S-1-5-21-839522115-261903793-1417001333-2614"
"MXReader",,"mxreader","Service Account - POC: SiteInfrastructure. Used by RebelMX servers to resend archived emails from Site, DPI, and BOSS mail servers.","CN=MXReader,CN=Users,DC=atl,DC=careerbuilder,DC=com","True","S-1-5-21-839522115-261903793-1417001333-12705"
"outester",,"outester",,"CN=outester,OU=MT/Web Restriced Users,DC=atl,DC=careerbuilder,DC=com","False","S-1-5-21-839522115-261903793-1417001333-10642"
"palo alto ldap",,"paldap",,"CN=palo alto ldap,CN=Users,DC=atl,DC=careerbuilder,DC=com","True","S-1-5-21-839522115-261903793-1417001333-25817"
"Performace Monitor User",,"perfmonusr","Service Account - Performace Monitor User for Samuel Sanders Group","CN=Performace Monitor User,CN=Users,DC=atl,DC=careerbuilder,DC=com","True","S-1-5-21-839522115-261903793-1417001333-18616"
"Platform StatsDevUser",,"platformstatsdevuser","Service Account - Platform Stats Dev User","CN=Platform StatsDevUser,CN=Users,DC=atl,DC=careerbuilder,DC=com","True","S-1-5-21-839522115-261903793-1417001333-27190"
"Platform StatsUser",,"platformstatsuser","Service Account - Platform Stats User","CN=Platform StatsUser,CN=Users,DC=atl,DC=careerbuilder,DC=com","True","S-1-5-21-839522115-261903793-1417001333-11294"
"Pmta User",,"pmtausr","Service Account","CN=Pmta User,CN=Users,DC=atl,DC=careerbuilder,DC=com","True","S-1-5-21-839522115-261903793-1417001333-10327"
"q1lab atl",,"q1labatl","Service Account","CN=q1lab atl,CN=Users,DC=atl,DC=careerbuilder,DC=com","True","S-1-5-21-839522115-261903793-1417001333-11391"
"q1lab chi",,"q1labchi","Service Account","CN=q1lab chi,CN=Users,DC=atl,DC=careerbuilder,DC=com","True","S-1-5-21-839522115-261903793-1417001333-11390"
"Recruitment Edge HD Service",,"rehdsvc","Service Account - User for Recruitment Edge","CN=Recruitment Edge HD Service,CN=Users,DC=atl,DC=careerbuilder,DC=com","True","S-1-5-21-839522115-261903793-1417001333-25780"
"Site Service",,"sitesrvc","Service account (SiteBackend)","CN=Site Service,CN=Users,DC=atl,DC=careerbuilder,DC=com","True","S-1-5-21-839522115-261903793-1417001333-27350"
"SiteBackend Service",,"besvc","Service Account- SiteBackend Service Account","CN=SiteBackend Service,CN=Users,DC=atl,DC=careerbuilder,DC=com","True","S-1-5-21-839522115-261903793-1417001333-11484"
"SQL Service",,"sqlsrv","Service Account- SQL Service Account","CN=SQL Service,CN=Users,DC=atl,DC=careerbuilder,DC=com","True","S-1-5-21-839522115-261903793-1417001333-3384"
"SQL Srvc",,"sqlsrvc","Service Account- SQL Service Account","CN=SQL Srvc,CN=Users,DC=atl,DC=careerbuilder,DC=com","True","S-1-5-21-839522115-261903793-1417001333-12712"
"svc Consumer Engagement DEV",,"svcconsumerengdev","Service Account - Consumer, TeamEmailDevDev","CN=svc Consumer Engagement DEV,CN=Users,DC=atl,DC=careerbuilder,DC=com","True","S-1-5-21-839522115-261903793-1417001333-25798"
"svc Data Warehouse",,"svcdatawarehouse","Service Account - Data, TeamBIDWDev","CN=svc Data Warehouse,CN=Users,DC=atl,DC=careerbuilder,DC=com","True","S-1-5-21-839522115-261903793-1417001333-25799"
"svc Hadoop JOBS",,"svchadoopjobs","Service Account - Hadoop, TeamBigDataAdmin","CN=svc Hadoop JOBS,CN=Users,DC=atl,DC=careerbuilder,DC=com","True","S-1-5-21-839522115-261903793-1417001333-28268"
"svc Hadoop LDAP",,"svchadoopldap","Service Account - Hadoop, TeamBigDataAdmin","CN=svc Hadoop LDAP,CN=Users,DC=atl,DC=careerbuilder,DC=com","True","S-1-5-21-839522115-261903793-1417001333-28267"
"svc Search JOBS",,"svcsearchjobs","Service Account - Search, TeamSiteSearchDev","CN=svc Search JOBS,CN=Users,DC=atl,DC=careerbuilder,DC=com","True","S-1-5-21-839522115-261903793-1417001333-25796"
"svcDataServicesJobs",,"svcDataServicesJobs",,"CN=svcDataServicesJobs,CN=Users,DC=atl,DC=careerbuilder,DC=com","True","S-1-5-21-839522115-261903793-1417001333-25805"
"svcHiveCron",,"svchivecron","Service Account -","CN=svcHiveCron,CN=Users,DC=atl,DC=careerbuilder,DC=com","True","S-1-5-21-839522115-261903793-1417001333-27816"
"Taz Usr",,"tazusr","Service Account - User for log shipping","CN=Taz Usr,CN=Users,DC=atl,DC=careerbuilder,DC=com","True","S-1-5-21-839522115-261903793-1417001333-10129"
"TsInternetUser",,"TsInternetUser","Service Account - This user account is used by Terminal Services.","CN=TsInternetUser,CN=Users,DC=atl,DC=careerbuilder,DC=com","True","S-1-5-21-839522115-261903793-1417001333-1000"
"VMTracer Arista Service Account",,"vmtracer","Service Account- SiteNetwrok Service Account","CN=VMTracer Arista Service Account,CN=Users,DC=atl,DC=careerbuilder,DC=com","False","S-1-5-21-839522115-261903793-1417001333-19700"
"VPN Service",,"vpnsrv","SAG/RDC Juniper VPN Service Account","CN=VPN Service,CN=Users,DC=atl,DC=careerbuilder,DC=com","True","S-1-5-21-839522115-261903793-1417001333-10187"
"wafldap Imperva",,"wafldap","Service Account - WAF LDAP Service user","CN=wafldap Imperva,CN=Users,DC=atl,DC=careerbuilder,DC=com","True","S-1-5-21-839522115-261903793-1417001333-11445"
"Web User",,"webusr","Service Account - User for WebServers","CN=Web User,CN=Users,DC=atl,DC=careerbuilder,DC=com","True","S-1-5-21-839522115-261903793-1417001333-1147"
"Windows",,"windows","Built-in account for administering the computer/domain","CN=Windows,CN=Builtin,DC=atl,DC=careerbuilder,DC=com","False","S-1-5-21-839522115-261903793-1417001333-500"
