#TYPE Selected.Microsoft.ActiveDirectory.Management.ADUser
"description","displayname","distinguishedname","samaccountname"
"Service Account - This user account is used by Terminal Services.","TsInternetUser","CN=TsInternetUser,CN=Users,DC=atl,DC=careerbuilder,DC=com","TsInternetUser"
"Key Distribution Center Service Account",,"CN=krbtgt,CN=Users,DC=atl,DC=careerbuilder,DC=com","krbtgt"
"Service Account- SQL Service Account","SQL Service","CN=SQL Service,CN=Users,DC=atl,DC=careerbuilder,DC=com","sqlsrv"
"Service Account- SQL Service Account","SQL Srvc","CN=SQL Srvc,CN=Users,DC=atl,DC=careerbuilder,DC=com","sqlsrvc"
"Service Account- VASCO RSA service account","Vasco LDAP","CN=Vasco LDAP,CN=Users,DC=atl,DC=careerbuilder,DC=com","mharb2020"
"Service Account","q1lab atl","CN=q1lab atl,CN=Users,DC=atl,DC=careerbuilder,DC=com","q1labatl"
"Service Account - WAF LDAP Service user","wafldap","CN=wafldap Imperva,CN=Users,DC=atl,DC=careerbuilder,DC=com","wafldap"
"Service Account- SiteBackend Service Account","SiteBackend Service","CN=SiteBackend Service,CN=Users,DC=atl,DC=careerbuilder,DC=com","besvc"
"SAG/RDC Juniper VPN Service Account","VPN Service","CN=VPN Service,CN=Users,DC=atl,DC=careerbuilder,DC=com","vpnsrv"
"Service Account","q1lab chi","CN=q1lab chi,CN=Users,DC=atl,DC=careerbuilder,DC=com","q1labchi"
"Service Account- SiteNetwrok Service Account","VMTracer Arista Service Account","CN=VMTracer Arista Service Account,CN=Users,DC=atl,DC=careerbuilder,DC=com","vmtracer"
"Service Account - Chef user for parse and classification resources (POC: Classification Team)","chefclass","CN=chefclass,CN=Users,DC=atl,DC=careerbuilder,DC=com","chefclass"
"Service Account - Automatically resolves on-call issues; POC: Thomas Rega (HackDayProject)","cbarbiter","CN=cbarbiter,CN=Users,DC=atl,DC=careerbuilder,DC=com","cbarbiter"
"Service Account - Performace Monitor User for Samuel Sanders Group","Performace Monitor User","CN=Performace Monitor User,CN=Users,DC=atl,DC=careerbuilder,DC=com","perfmonusr"
"Service Account - Used for Kaseya MS updates in remote dataceneters","Kaseya Updates","CN=Kaseya Updates,CN=Users,DC=atl,DC=careerbuilder,DC=com","kaseyaupdates"
"Service Account - User for WebServers","Web User","CN=Web User,CN=Users,DC=atl,DC=careerbuilder,DC=com","webusr"
"Service Account - SiteOps Monitoring - Sharepoint, DMC etc.","Monitoring Service","CN=Monitoring Service,CN=Users,DC=atl,DC=careerbuilder,DC=com","monsrv"
"Service Account - User for automating cloud procedures","Cloud SVC","CN=Cloud SVC,CN=Users,DC=atl,DC=careerbuilder,DC=com","cloudsvc"
"Service Account - BOSS POC: Thomas","Boss Usr","CN=Boss Usr,CN=Users,DC=atl,DC=careerbuilder,DC=com","bossusr"
"Service Account - POC: SiteInfrastructure. Used by RebelMX servers to resend archived emails from Site, DPI, and BOSS mail servers.","MXReader","CN=MXReader,CN=Users,DC=atl,DC=careerbuilder,DC=com","mxreader"
"Service Account - Chef user account for SOA (POC: SiteSearch)","chefsoa","CN=chefsoa,CN=Users,DC=atl,DC=careerbuilder,DC=com","chefsoa"
"Service Account - File syncing, xml changes, self healing tasks across CBSys machines.","CBSync","CN=CBSync,CN=Users,DC=atl,DC=careerbuilder,DC=com","CBSync"
"Service Account for Hadoop Config. Backup","Hadoop Backup","CN=Hadoop Backup,CN=Users,DC=atl,DC=careerbuilder,DC=com","hadoopbkpusr"
"Service Account - DPI Services","DPI User","CN=DPI User,CN=Users,DC=atl,DC=careerbuilder,DC=com","dpiusr"
"Service Account - Mapping Services","mapusr","CN=mapusr,CN=Users,DC=atl,DC=careerbuilder,DC=com","mapusr"
"Service Account - User for MT servers","mtusr","CN=mtusr,CN=Users,DC=atl,DC=careerbuilder,DC=com","mtusr"
"Service Account","cbblast","CN=cbblast,CN=Users,DC=atl,DC=careerbuilder,DC=com","cbblast"
"Service Account - Logic Monitor User for all Site resources POC: Kirk Jantzer","logicmonitor","CN=logicmonitor,CN=Users,DC=atl,DC=careerbuilder,DC=com","logicmonitor"
"Service Account - POC: Sam Sander - Hadoop Service Account","Hadoop Svc","CN=Hadoop Service Account,CN=Users,DC=atl,DC=careerbuilder,DC=com","hadoopsvc"
"Service Account - Quest Password Manager","Quest PassManager","CN=_QPM_svc_usr3,CN=Users,DC=atl,DC=careerbuilder,DC=com","_QPM_svc_usr3"
"Service Account - Chef user to access solr servers","chefsearch","CN=chefsearch,CN=Users,DC=atl,DC=careerbuilder,DC=com","chefsearch"
"Service Account - BOSS","Boss Batch User","CN=Boss Batch User,CN=Users,DC=atl,DC=careerbuilder,DC=com","bossbatch"
"Service Account - User for log shipping","Taz Usr","CN=Taz Usr,CN=Users,DC=atl,DC=careerbuilder,DC=com","tazusr"
"Service Account - GHQ Stats User","GHQ Stats User","CN=GHQ Stats User,CN=Users,DC=atl,DC=careerbuilder,DC=com","ghqstatsuser"
"Service Account - Platform Stats User","Platform StatsUser","CN=Platform StatsUser,CN=Users,DC=atl,DC=careerbuilder,DC=com","platformstatsuser"
"Service Account- User for scripts to join servers to domain","AD Join User","CN=JoinUsr,CN=Users,DC=atl,DC=careerbuilder,DC=com","joinusr"
"Service Account","Pmta User","CN=Pmta User,CN=Users,DC=atl,DC=careerbuilder,DC=com","pmtausr"
"Service Account - ldap administration account","ldap admin","CN=ldap admin,CN=Users,DC=atl,DC=careerbuilder,DC=com","ldapadmin"
"Service Account - DW (POC: Sam Sander)","DataWHSrvc","CN=datawh srvc,CN=Users,DC=atl,DC=careerbuilder,DC=com","datawhsrvc"
"Service Account - Platform Stats Dev User","Platform StatsDevUser","CN=Platform StatsDevUser,CN=Users,DC=atl,DC=careerbuilder,DC=com","platformstatsdevuser"
"Service Account - Hadoop, TeamBigDataAdmin","svc Hadoop LDAP","CN=svc Hadoop LDAP,CN=Users,DC=atl,DC=careerbuilder,DC=com","svchadoopldap"
"Service Account - Hadoop, TeamBigDataAdmin","svc Hadoop JOBS","CN=svc Hadoop JOBS,CN=Users,DC=atl,DC=careerbuilder,DC=com","svchadoopjobs"
"Service Account - User for Recruitment Edge","Recruitment Edge HD Service","CN=Recruitment Edge HD Service,CN=Users,DC=atl,DC=careerbuilder,DC=com","rehdsvc"
"Service Account - Search, TeamSiteSearchDev","svc Search JOBS","CN=svc Search JOBS,CN=Users,DC=atl,DC=careerbuilder,DC=com","svcsearchjobs"
"Service Account - Consumer, TeamEmailDevDev","svc Consumer Engagement DEV","CN=svc Consumer Engagement DEV,CN=Users,DC=atl,DC=careerbuilder,DC=com","svcconsumerengdev"
"Service Account - Data, TeamBIDWDev","svc Data Warehouse","CN=svc Data Warehouse,CN=Users,DC=atl,DC=careerbuilder,DC=com","svcdatawarehouse"
"Service Account - BigData Team","cbflume","CN=cbflume,CN=Users,DC=atl,DC=careerbuilder,DC=com","cbflume"
"New LM Service Account User 2012 Collectors","LM Service Account","CN=LM Service Account,CN=Users,DC=atl,DC=careerbuilder,DC=com","lmuser"
"Service account (SiteBackend)","Site Service","CN=Site Service,CN=Users,DC=atl,DC=careerbuilder,DC=com","sitesrvc"
"Service Account -","SVCHIVECRON","CN=svcHiveCron,CN=Users,DC=atl,DC=careerbuilder,DC=com","svchivecron"
"Service Account - TalentNetwork (Hadoop)","Talent Network Hadoop Service Account","CN=svc Talent Network (Hadoop Jobs),CN=Users,DC=atl,DC=careerbuilder,DC=com","tnhadoopsvc"
