#TYPE Selected.Microsoft.ActiveDirectory.Management.ADPrincipal
"name","samaccountname","distinguishedname","objectclass","sid"
"Ali Shahzad","ashahzad.site","CN=Ali Shahzad,CN=Users,DC=atl,DC=careerbuilder,DC=com","user","S-1-5-21-839522115-261903793-1417001333-27193"
"Colin Field","cfield.site","CN=Colin Field,CN=Users,DC=atl,DC=careerbuilder,DC=com","user","S-1-5-21-839522115-261903793-1417001333-3143"
"Greg Negelow","gnegelow.site","CN=Greg Negelow,CN=Users,DC=atl,DC=careerbuilder,DC=com","user","S-1-5-21-839522115-261903793-1417001333-25852"
"GregNegelow","gnegelow","CN=GregNegelow,CN=Users,DC=atl,DC=careerbuilder,DC=com","user","S-1-5-21-839522115-261903793-1417001333-27355"
"Issa Diallo","idiallo.site","CN=Issa Diallo,CN=Users,DC=atl,DC=careerbuilder,DC=com","user","S-1-5-21-839522115-261903793-1417001333-26791"
"Jason Stone","jastone.site","CN=Jason Stone,CN=Users,DC=atl,DC=careerbuilder,DC=com","user","S-1-5-21-839522115-261903793-1417001333-28183"
"Joel Terry","jterry.site","CN=Joel Terry,CN=Users,DC=atl,DC=careerbuilder,DC=com","user","S-1-5-21-839522115-261903793-1417001333-27817"
"Johan Munoz","jomunoz.site","CN=Johan Munoz,CN=Users,DC=atl,DC=careerbuilder,DC=com","user","S-1-5-21-839522115-261903793-1417001333-28206"
"JohanMunoz","jmunoz","CN=JohanMunoz,CN=Users,DC=atl,DC=careerbuilder,DC=com","user","S-1-5-21-839522115-261903793-1417001333-25338"
"JoinUsr","joinusr","CN=JoinUsr,CN=Users,DC=atl,DC=careerbuilder,DC=com","user","S-1-5-21-839522115-261903793-1417001333-6607"
"logicmonitor","logicmonitor","CN=logicmonitor,CN=Users,DC=atl,DC=careerbuilder,DC=com","user","S-1-5-21-839522115-261903793-1417001333-19720"
"Mac Welch","mawelch.site","CN=Mac Welch,CN=Users,DC=atl,DC=careerbuilder,DC=com","user","S-1-5-21-839522115-261903793-1417001333-27295"
"Mahmoud Harb","mharb.site","CN=Mahmoud Harb,CN=Users,DC=atl,DC=careerbuilder,DC=com","user","S-1-5-21-839522115-261903793-1417001333-1109"
"Mihail Dragoi","mdragoi.site","CN=Mihail Dragoi,CN=Users,DC=atl,DC=careerbuilder,DC=com","user","S-1-5-21-839522115-261903793-1417001333-27814"
"Mohammed Lahmaydi","mohamed.site","CN=Mohammed Lahmaydi,CN=Users,DC=atl,DC=careerbuilder,DC=com","user","S-1-5-21-839522115-261903793-1417001333-2645"
"Pmta User","pmtausr","CN=Pmta User,CN=Users,DC=atl,DC=careerbuilder,DC=com","user","S-1-5-21-839522115-261903793-1417001333-10327"
"Site Service","sitesrvc","CN=Site Service,CN=Users,DC=atl,DC=careerbuilder,DC=com","user","S-1-5-21-839522115-261903793-1417001333-27350"
