User,Emunerated Group,Parent Group,Type,Domain,SID
Hai Liu,SQLDWReadOnly,SQLDWReadOnly,user,atl (CBATL),S-1-5-21-839522115-261903793-1417001333-2842
Manoj Jose,SQLDWReadOnly,SQLDWReadOnly,user,atl (CBATL),S-1-5-21-839522115-261903793-1417001333-19622
Reenu Iype,SQLDWReadOnly,SQLDWReadOnly,user,atl (CBATL),S-1-5-21-839522115-261903793-1417001333-28344
Srivathsan Badrinarayanan,SQLDWReadOnly,SQLDWReadOnly,user,atl (CBATL),S-1-5-21-839522115-261903793-1417001333-19116
Steve Cabral,SQLDWReadOnly,SQLDWReadOnly,user,atl (CBATL),S-1-5-21-839522115-261903793-1417001333-19117
Andrew Johnson,TeamBIDWDev,SQLDWReadOnly,user,atl (CBATL),S-1-5-21-839522115-261903793-1417001333-19813
Ashok Kumar,TeamBIDWDev,SQLDWReadOnly,user,atl (CBATL),S-1-5-21-839522115-261903793-1417001333-5637
Blake Kilgore,TeamBIDWDev,SQLDWReadOnly,user,atl (CBATL),S-1-5-21-839522115-261903793-1417001333-18207
Candra Widjaja,TeamBIDWDev,SQLDWReadOnly,user,atl (CBATL),S-1-5-21-839522115-261903793-1417001333-28334
Claude M. Innocent,TeamBIDWDev,SQLDWReadOnly,user,atl (CBATL),S-1-5-21-839522115-261903793-1417001333-28145
Dana Prosser,TeamBIDWDev,SQLDWReadOnly,user,atl (CBATL),S-1-5-21-839522115-261903793-1417001333-11299
datawh srvc,TeamBIDWDev,SQLDWReadOnly,user,atl (CBATL),S-1-5-21-839522115-261903793-1417001333-27112
Emma Wang,TeamBIDWDev,SQLDWReadOnly,user,atl (CBATL),S-1-5-21-839522115-261903793-1417001333-19798
Felice Wang,TeamBIDWDev,SQLDWReadOnly,user,atl (CBATL),S-1-5-21-839522115-261903793-1417001333-28284
Gnanajothi Nainapillai,TeamBIDWDev,SQLDWReadOnly,user,atl (CBATL),S-1-5-21-839522115-261903793-1417001333-27259
Jamie Andrews,TeamBIDWDev,SQLDWReadOnly,user,atl (CBATL),S-1-5-21-839522115-261903793-1417001333-26642
Jason Yoon,TeamBIDWDev,SQLDWReadOnly,user,atl (CBATL),S-1-5-21-839522115-261903793-1417001333-20308
John Aldridge,TeamBIDWDev,SQLDWReadOnly,user,atl (CBATL),S-1-5-21-839522115-261903793-1417001333-18252
John Jones,TeamBIDWDev,SQLDWReadOnly,user,atl (CBATL),S-1-5-21-839522115-261903793-1417001333-19618
Joshua Wells,TeamBIDWDev,SQLDWReadOnly,user,atl (CBATL),S-1-5-21-839522115-261903793-1417001333-27666
Justin Loadholt,TeamBIDWDev,SQLDWReadOnly,user,atl (CBATL),S-1-5-21-839522115-261903793-1417001333-18733
Kavita Ramachandran,TeamBIDWDev,SQLDWReadOnly,user,atl (CBATL),S-1-5-21-839522115-261903793-1417001333-11248
Lohith Ashwa,TeamBIDWDev,SQLDWReadOnly,user,atl (CBATL),S-1-5-21-839522115-261903793-1417001333-27351
Madhav Sigdel,TeamBIDWDev,SQLDWReadOnly,user,atl (CBATL),S-1-5-21-839522115-261903793-1417001333-28382
Manoj Jose,TeamBIDWDev,SQLDWReadOnly,user,atl (CBATL),S-1-5-21-839522115-261903793-1417001333-19622
Parker Herrin,TeamBIDWDev,SQLDWReadOnly,user,atl (CBATL),S-1-5-21-839522115-261903793-1417001333-28351
Paul Formanski,TeamBIDWDev,SQLDWReadOnly,user,atl (CBATL),S-1-5-21-839522115-261903793-1417001333-28158
Priya Srinivasan,TeamBIDWDev,SQLDWReadOnly,user,atl (CBATL),S-1-5-21-839522115-261903793-1417001333-19109
Rajneet Kaur,TeamBIDWDev,SQLDWReadOnly,user,atl (CBATL),S-1-5-21-839522115-261903793-1417001333-19779
Reenu Iype,TeamBIDWDev,SQLDWReadOnly,user,atl (CBATL),S-1-5-21-839522115-261903793-1417001333-28344
Rhonda Veit,TeamBIDWDev,SQLDWReadOnly,user,atl (CBATL),S-1-5-21-839522115-261903793-1417001333-19172
Romona Herbert,TeamBIDWDev,SQLDWReadOnly,user,atl (CBATL),S-1-5-21-839522115-261903793-1417001333-18741
Shrinath Bobbili,TeamBIDWDev,SQLDWReadOnly,user,atl (CBATL),S-1-5-21-839522115-261903793-1417001333-19413
Sriram Krishnan,TeamBIDWDev,SQLDWReadOnly,user,atl (CBATL),S-1-5-21-839522115-261903793-1417001333-27688
Srivathsan Badrinarayanan,TeamBIDWDev,SQLDWReadOnly,user,atl (CBATL),S-1-5-21-839522115-261903793-1417001333-19116
Steve Cabral,TeamBIDWDev,SQLDWReadOnly,user,atl (CBATL),S-1-5-21-839522115-261903793-1417001333-19117
Sumalatha Thumma,TeamBIDWDev,SQLDWReadOnly,user,atl (CBATL),S-1-5-21-839522115-261903793-1417001333-19176
Sylvia Johnson,TeamBIDWDev,SQLDWReadOnly,user,atl (CBATL),S-1-5-21-839522115-261903793-1417001333-19631
Taffiny Lewis,TeamBIDWDev,SQLDWReadOnly,user,atl (CBATL),S-1-5-21-839522115-261903793-1417001333-28170
Uday Bhaskar,TeamBIDWDev,SQLDWReadOnly,user,atl (CBATL),S-1-5-21-839522115-261903793-1417001333-27773
Yi Zhou,TeamBIDWDev,SQLDWReadOnly,user,atl (CBATL),S-1-5-21-839522115-261903793-1417001333-19778
Yissel Cervantes,TeamBIDWDev,SQLDWReadOnly,user,atl (CBATL),S-1-5-21-839522115-261903793-1417001333-26653
Tim Williamson,SQLDWReadOnly,SQLDWReadOnly,user,atl (CBATL),S-1-5-21-839522115-261903793-1417001333-27281
