#TYPE Selected.Microsoft.ActiveDirectory.Management.ADPrincipal
"name","samaccountname","distinguishedname","objectclass","sid"
"_QPM_svc_usr3","_QPM_svc_usr3","CN=_QPM_svc_usr3,CN=Users,DC=atl,DC=careerbuilder,DC=com","user","S-1-5-21-839522115-261903793-1417001333-10828"
"Boss Batch User","bossbatch","CN=Boss Batch User,CN=Users,DC=atl,DC=careerbuilder,DC=com","user","S-1-5-21-839522115-261903793-1417001333-6741"
"Boss Usr","bossusr","CN=Boss Usr,CN=Users,DC=atl,DC=careerbuilder,DC=com","user","S-1-5-21-839522115-261903793-1417001333-2677"
"cbarbiter","cbarbiter","CN=cbarbiter,CN=Users,DC=atl,DC=careerbuilder,DC=com","user","S-1-5-21-839522115-261903793-1417001333-18831"
"cbblast","cbblast","CN=cbblast,CN=Users,DC=atl,DC=careerbuilder,DC=com","user","S-1-5-21-839522115-261903793-1417001333-2640"
"cbflume","cbflume","CN=cbflume,CN=Users,DC=atl,DC=careerbuilder,DC=com","user","S-1-5-21-839522115-261903793-1417001333-27783"
"CBSync","CBSync","CN=CBSync,CN=Users,DC=atl,DC=careerbuilder,DC=com","user","S-1-5-21-839522115-261903793-1417001333-19666"
"chefclass","chefclass","CN=chefclass,CN=Users,DC=atl,DC=careerbuilder,DC=com","user","S-1-5-21-839522115-261903793-1417001333-19814"
"chefsearch","chefsearch","CN=chefsearch,CN=Users,DC=atl,DC=careerbuilder,DC=com","user","S-1-5-21-839522115-261903793-1417001333-18939"
"chefsoa","chefsoa","CN=chefsoa,CN=Users,DC=atl,DC=careerbuilder,DC=com","user","S-1-5-21-839522115-261903793-1417001333-19201"
"Cloud SVC","cloudsvc","CN=Cloud SVC,CN=Users,DC=atl,DC=careerbuilder,DC=com","user","S-1-5-21-839522115-261903793-1417001333-19785"
"datawh srvc","datawhsrvc","CN=datawh srvc,CN=Users,DC=atl,DC=careerbuilder,DC=com","user","S-1-5-21-839522115-261903793-1417001333-27112"
"Deployment Installer","deploymentinstalller","CN=Deployment Installer,CN=Users,DC=atl,DC=careerbuilder,DC=com","user","S-1-5-21-839522115-261903793-1417001333-27354"
"DPI User","dpiusr","CN=DPI User,CN=Users,DC=atl,DC=careerbuilder,DC=com","user","S-1-5-21-839522115-261903793-1417001333-1197"
"Hadoop Backup","hadoopbkpusr","CN=Hadoop Backup,CN=Users,DC=atl,DC=careerbuilder,DC=com","user","S-1-5-21-839522115-261903793-1417001333-18850"
"Hadoop Service Account","hadoopsvc","CN=Hadoop Service Account,CN=Users,DC=atl,DC=careerbuilder,DC=com","user","S-1-5-21-839522115-261903793-1417001333-18609"
"Jira Service Account","svc_jira_account","CN=Jira Service Account,CN=Users,DC=atl,DC=careerbuilder,DC=com","user","S-1-5-21-839522115-261903793-1417001333-27766"
"JoinUsr","joinusr","CN=JoinUsr,CN=Users,DC=atl,DC=careerbuilder,DC=com","user","S-1-5-21-839522115-261903793-1417001333-6607"
"Kaseya Updates","kaseyaupdates","CN=Kaseya Updates,CN=Users,DC=atl,DC=careerbuilder,DC=com","user","S-1-5-21-839522115-261903793-1417001333-13122"
"logicmonitor","logicmonitor","CN=logicmonitor,CN=Users,DC=atl,DC=careerbuilder,DC=com","user","S-1-5-21-839522115-261903793-1417001333-19720"
"mapusr","mapusr","CN=mapusr,CN=Users,DC=atl,DC=careerbuilder,DC=com","user","S-1-5-21-839522115-261903793-1417001333-1753"
"Monitoring Service","monsrv","CN=Monitoring Service,CN=Users,DC=atl,DC=careerbuilder,DC=com","user","S-1-5-21-839522115-261903793-1417001333-10701"
"mtusr","mtusr","CN=mtusr,CN=Users,DC=atl,DC=careerbuilder,DC=com","user","S-1-5-21-839522115-261903793-1417001333-2614"
"MXReader","mxreader","CN=MXReader,CN=Users,DC=atl,DC=careerbuilder,DC=com","user","S-1-5-21-839522115-261903793-1417001333-12705"
"Performace Monitor User","perfmonusr","CN=Performace Monitor User,CN=Users,DC=atl,DC=careerbuilder,DC=com","user","S-1-5-21-839522115-261903793-1417001333-18616"
"Platform StatsDevUser","platformstatsdevuser","CN=Platform StatsDevUser,CN=Users,DC=atl,DC=careerbuilder,DC=com","user","S-1-5-21-839522115-261903793-1417001333-27190"
"Platform StatsUser","platformstatsuser","CN=Platform StatsUser,CN=Users,DC=atl,DC=careerbuilder,DC=com","user","S-1-5-21-839522115-261903793-1417001333-11294"
"q1lab atl","q1labatl","CN=q1lab atl,CN=Users,DC=atl,DC=careerbuilder,DC=com","user","S-1-5-21-839522115-261903793-1417001333-11391"
"q1lab chi","q1labchi","CN=q1lab chi,CN=Users,DC=atl,DC=careerbuilder,DC=com","user","S-1-5-21-839522115-261903793-1417001333-11390"
"Recruitment Edge HD Service","rehdsvc","CN=Recruitment Edge HD Service,CN=Users,DC=atl,DC=careerbuilder,DC=com","user","S-1-5-21-839522115-261903793-1417001333-25780"
"Site Service","sitesrvc","CN=Site Service,CN=Users,DC=atl,DC=careerbuilder,DC=com","user","S-1-5-21-839522115-261903793-1417001333-27350"
"SiteBackend Service","besvc","CN=SiteBackend Service,CN=Users,DC=atl,DC=careerbuilder,DC=com","user","S-1-5-21-839522115-261903793-1417001333-11484"
"SQL Service","sqlsrv","CN=SQL Service,CN=Users,DC=atl,DC=careerbuilder,DC=com","user","S-1-5-21-839522115-261903793-1417001333-3384"
"SQL Srvc","sqlsrvc","CN=SQL Srvc,CN=Users,DC=atl,DC=careerbuilder,DC=com","user","S-1-5-21-839522115-261903793-1417001333-12712"
"svc Consumer Engagement DEV","svcconsumerengdev","CN=svc Consumer Engagement DEV,CN=Users,DC=atl,DC=careerbuilder,DC=com","user","S-1-5-21-839522115-261903793-1417001333-25798"
"svc Data Warehouse","svcdatawarehouse","CN=svc Data Warehouse,CN=Users,DC=atl,DC=careerbuilder,DC=com","user","S-1-5-21-839522115-261903793-1417001333-25799"
"svc Hadoop JOBS","svchadoopjobs","CN=svc Hadoop JOBS,CN=Users,DC=atl,DC=careerbuilder,DC=com","user","S-1-5-21-839522115-261903793-1417001333-28268"
"svc Hadoop LDAP","svchadoopldap","CN=svc Hadoop LDAP,CN=Users,DC=atl,DC=careerbuilder,DC=com","user","S-1-5-21-839522115-261903793-1417001333-28267"
"svc Search JOBS","svcsearchjobs","CN=svc Search JOBS,CN=Users,DC=atl,DC=careerbuilder,DC=com","user","S-1-5-21-839522115-261903793-1417001333-25796"
"Taz Usr","tazusr","CN=Taz Usr,CN=Users,DC=atl,DC=careerbuilder,DC=com","user","S-1-5-21-839522115-261903793-1417001333-10129"
"Vasco LDAP","mharb2020","CN=Vasco LDAP,CN=Users,DC=atl,DC=careerbuilder,DC=com","user","S-1-5-21-839522115-261903793-1417001333-11489"
"VMTracer Arista Service Account","vmtracer","CN=VMTracer Arista Service Account,CN=Users,DC=atl,DC=careerbuilder,DC=com","user","S-1-5-21-839522115-261903793-1417001333-19700"
"VPN Service","vpnsrv","CN=VPN Service,CN=Users,DC=atl,DC=careerbuilder,DC=com","user","S-1-5-21-839522115-261903793-1417001333-10187"
"Web User","webusr","CN=Web User,CN=Users,DC=atl,DC=careerbuilder,DC=com","user","S-1-5-21-839522115-261903793-1417001333-1147"
